aX,aY,aZ,gX,gY,gZ
0.070,-0.599,0.526,100.952,-21.790,34.485
0.097,-0.641,0.486,117.493,5.371,47.913
0.142,-0.664,0.469,120.422,26.917,52.063
0.181,-0.678,0.448,117.981,37.048,52.124
0.240,-0.686,0.329,111.328,39.673,47.363
0.205,-0.621,0.241,97.534,42.236,36.926
0.177,-0.513,0.130,87.402,58.228,31.494
0.083,-0.454,0.154,87.341,83.191,36.743
0.179,-0.791,-0.233,84.961,108.215,49.133
0.255,-0.690,-0.305,34.607,131.592,44.556
0.042,-0.351,0.203,-19.958,149.414,24.780
0.148,-0.365,-0.010,11.169,178.894,19.226
0.088,-0.347,0.000,9.949,183.960,20.264
0.042,-0.303,-0.009,10.315,183.777,23.682
0.031,-0.255,-0.015,8.789,183.289,23.926
-0.022,-0.208,-0.029,7.874,176.270,22.949
-0.074,-0.151,-0.041,3.845,163.208,20.874
-0.120,-0.129,-0.017,-3.418,140.198,18.005
-0.143,-0.144,-0.009,-13.733,104.736,12.207
-0.195,-0.031,0.045,-23.132,61.218,1.953
-0.226,-0.036,0.048,-38.452,8.362,-2.930
-0.301,-0.017,0.030,-56.152,-49.988,-2.991
-0.356,0.006,0.023,-71.045,-103.455,-0.793
-0.418,0.054,0.003,-83.679,-145.752,3.845
-0.488,0.063,-0.033,-99.976,-173.157,15.869
-0.499,0.077,-0.010,-118.530,-182.983,34.546
-0.477,0.061,0.065,-135.681,-181.274,58.228
-0.405,0.066,0.223,-150.757,-172.607,82.947
-0.307,0.029,0.401,-163.147,-163.513,106.873
-0.173,-0.042,0.560,-171.875,-155.334,131.226
-0.025,-0.126,0.720,-173.096,-148.071,153.748
0.132,-0.183,0.896,-167.603,-143.127,171.082
0.321,-0.257,1.084,-159.302,-139.038,182.861
0.537,-0.362,1.265,-150.208,-131.042,190.186
0.729,-0.450,1.391,-137.695,-115.906,190.674
0.896,-0.511,1.473,-123.047,-92.163,183.960
1.088,-0.573,1.547,-108.154,-60.791,173.218
1.322,-0.645,1.614,-97.290,-27.466,161.438
1.521,-0.660,1.677,-91.309,1.038,146.667
1.686,-0.646,1.752,-87.402,21.118,128.967
1.804,-0.653,1.841,-83.313,27.710,112.244
1.874,-0.639,1.888,-78.979,19.714,97.107
1.904,-0.621,1.886,-71.228,3.174,83.679
1.908,-0.596,1.828,-58.838,-12.756,72.083
1.871,-0.556,1.731,-44.617,-22.461,61.523
1.832,-0.511,1.641,-31.555,-21.179,52.734
1.812,-0.497,1.532,-22.278,-8.179,47.302
1.795,-0.506,1.422,-15.320,14.343,41.992
1.775,-0.521,1.334,-10.315,40.833,32.288
1.748,-0.514,1.261,-7.568,63.904,18.127
1.711,-0.505,1.210,-5.676,81.604,1.953
1.672,-0.496,1.165,-3.479,92.896,-14.771
1.624,-0.474,1.097,-0.183,97.229,-32.532
1.570,-0.451,1.010,3.174,100.586,-49.561
1.509,-0.429,0.902,5.066,107.849,-63.721
1.438,-0.423,0.799,5.737,120.422,-75.623
1.386,-0.405,0.719,4.883,140.076,-85.022
1.360,-0.399,0.664,1.587,166.748,-90.515
1.380,-0.404,0.648,-3.357,197.266,-92.590
1.398,-0.389,0.657,-8.362,222.717,-93.079
1.371,-0.406,0.613,-13.855,241.638,-93.506
1.477,-0.486,0.673,-15.869,254.150,-96.130
1.497,-0.501,0.711,-17.090,243.347,-102.356
1.481,-0.520,0.686,-20.752,220.215,-113.220
1.415,-0.578,0.642,-18.982,195.374,-129.333
1.316,-0.584,0.559,-11.780,171.814,-150.452
1.172,-0.591,0.475,-4.333,156.311,-171.448
1.151,-0.533,0.407,2.014,151.001,-188.354
0.888,-0.525,0.380,4.333,141.479,-196.960
0.801,-0.490,0.356,-0.977,135.010,-205.200
0.673,-0.472,0.378,-6.531,130.859,-206.787
0.592,-0.511,0.419,-13.550,127.502,-199.768
0.524,-0.531,0.445,-17.639,120.361,-193.359
0.484,-0.538,0.466,-15.930,109.619,-192.261
0.439,-0.525,0.432,-9.216,96.069,-196.411
0.382,-0.524,0.391,-1.892,82.825,-202.271
0.339,-0.483,0.329,2.808,72.449,-208.984
0.281,-0.451,0.300,5.249,68.726,-214.478
0.231,-0.437,0.289,5.249,72.021,-215.820
0.174,-0.407,0.277,3.845,77.454,-215.027
0.127,-0.370,0.292,3.174,82.397,-214.478
0.063,-0.321,0.306,2.197,84.351,-211.487
0.001,-0.272,0.303,-1.160,85.449,-205.139
-0.051,-0.258,0.304,-6.531,87.341,-193.665
-0.103,-0.236,0.304,-12.634,89.844,-179.199
-0.109,-0.216,0.366,-16.479,95.154,-165.283
-0.120,-0.195,0.449,-19.653,94.299,-152.405
-0.080,-0.186,0.557,-27.588,81.604,-140.503
-0.187,-0.181,0.552,-39.856,52.551,-127.075
-0.207,-0.207,0.557,-48.523,29.724,-118.286
-0.266,-0.196,0.586,-48.157,10.925,-108.948
-0.333,-0.168,0.593,-48.767,-0.305,-95.886
-0.372,-0.178,0.578,-47.791,0.000,-77.515
-0.394,-0.227,0.568,-41.321,12.268,-54.138
-0.344,-0.305,0.573,-32.043,30.579,-30.518
-0.283,-0.332,0.564,-24.414,46.387,-14.160
-0.198,-0.371,0.558,-15.442,59.143,-4.211
-0.098,-0.413,0.552,-5.493,64.819,0.305
-0.029,-0.444,0.535,-0.916,58.838,-1.465
0.003,-0.470,0.508,-2.625,45.410,-5.371
0.021,-0.507,0.488,-5.737,30.701,-7.690
0.023,-0.538,0.466,-8.057,16.785,-9.094
0.032,-0.554,0.447,-8.728,5.493,-9.216
0.054,-0.575,0.424,-8.179,-1.709,-6.775
0.079,-0.618,0.406,-8.606,-5.188,-2.075
0.102,-0.652,0.394,-9.705,-7.996,3.845
0.134,-0.687,0.386,-8.545,-10.071,9.705
0.169,-0.731,0.377,-6.409,-12.878,14.648
0.204,-0.756,0.353,-5.310,-17.151,17.578
0.233,-0.778,0.323,-3.601,-18.921,19.043
0.257,-0.809,0.290,-0.549,-17.517,19.287
0.291,-0.835,0.267,1.831,-13.672,18.188
0.322,-0.876,0.237,2.808,-8.057,16.602
0.337,-0.904,0.215,2.563,-1.343,13.489
0.349,-0.930,0.208,1.831,5.005,9.949
0.349,-0.947,0.208,1.404,8.057,6.836
0.339,-0.950,0.202,0.244,7.690,4.333
0.333,-0.959,0.198,-1.221,6.531,2.808
0.330,-0.967,0.198,-2.502,4.639,2.258
0.786,-0.737,-0.158,29.968,20.081,5.127
0.732,-0.745,-0.183,25.024,26.611,4.761
0.697,-0.754,-0.145,24.841,39.124,1.892
0.691,-0.769,-0.099,25.635,53.894,-4.761
0.653,-0.725,-0.085,23.010,65.308,-10.254
0.582,-0.652,-0.117,18.311,76.721,-12.085
0.494,-0.699,-0.110,16.968,93.018,-11.719
0.483,-0.702,-0.084,20.874,108.276,-14.954
0.438,-0.659,-0.083,23.865,117.920,-21.973
0.379,-0.614,-0.087,22.705,125.549,-29.236
0.311,-0.573,-0.091,23.132,131.226,-36.316
0.273,-0.542,-0.058,28.625,130.676,-44.800
0.248,-0.528,-0.008,32.654,117.432,-53.833
0.180,-0.495,-0.006,27.893,86.792,-61.462
0.043,-0.416,-0.042,16.418,45.044,-68.054
-0.092,-0.342,-0.067,5.005,6.897,-74.280
-0.226,-0.261,-0.070,-6.348,-22.156,-78.552
-0.409,-0.147,-0.053,-19.348,-44.128,-78.369
-0.615,-0.048,-0.022,-32.837,-54.993,-71.533
-0.811,0.027,0.047,-43.823,-52.979,-56.519
-0.958,0.100,0.134,-50.049,-43.823,-33.142
-1.055,0.175,0.236,-53.101,-33.264,-1.282
-1.113,0.258,0.337,-54.260,-23.682,38.208
-1.122,0.292,0.426,-52.002,-16.602,81.055
-1.056,0.279,0.490,-48.828,-13.184,122.864
-0.876,0.346,0.564,-50.537,-17.334,159.546
-0.681,0.511,0.639,-55.359,-32.532,189.392
-0.473,0.650,0.710,-61.340,-59.509,215.637
-0.296,0.744,0.758,-73.059,-94.849,244.629
-0.162,0.739,0.782,-85.754,-134.155,274.597
-0.087,0.753,0.790,-102.417,-171.570,303.833
-0.068,0.841,0.808,-119.690,-202.148,332.642
0.109,0.778,0.847,-138.489,-218.872,365.234
0.365,0.756,0.929,-149.963,-221.863,389.526
0.609,0.767,0.975,-146.606,-212.341,404.785
0.840,0.824,1.023,-138.611,-196.167,410.339
1.103,0.843,1.112,-131.836,-172.791,410.339
1.382,0.852,1.247,-130.127,-143.311,410.706
1.702,0.851,1.428,-130.676,-109.009,411.682
2.058,0.815,1.604,-124.695,-71.716,407.837
2.391,0.753,1.730,-107.239,-38.513,395.081
2.608,0.668,1.745,-82.947,-16.907,374.329
2.772,0.648,1.671,-57.007,-7.751,350.891
2.935,0.666,1.542,-30.762,-2.075,326.477
3.086,0.705,1.378,-3.784,8.667,304.993
3.300,0.667,1.211,27.527,26.733,285.889
3.596,0.599,1.108,55.664,38.147,263.794
3.775,0.580,1.016,64.453,27.466,236.938
3.825,0.592,0.862,57.861,3.784,203.064
3.855,0.604,0.686,52.612,-13.794,161.743
3.863,0.656,0.531,49.500,-24.902,125.916
3.720,0.642,0.436,33.325,-31.494,96.252
3.740,0.664,0.036,3.540,-24.841,65.002
3.597,0.607,-0.095,-13.611,-11.597,26.733
3.423,0.603,-0.158,-23.926,15.808,-23.743
3.255,0.576,0.044,-38.635,49.194,-87.585
3.101,0.767,-0.319,-77.393,78.613,-152.466
2.825,0.929,-0.136,-77.026,81.909,-210.388
2.568,1.000,-0.178,-76.233,102.051,-244.751
2.541,1.021,-0.027,-67.383,132.202,-280.090
2.414,1.105,0.037,-65.430,141.602,-303.406
2.348,1.144,0.052,-75.134,141.541,-318.726
2.281,1.119,0.081,-85.022,137.695,-328.125
2.204,1.064,0.124,-93.750,128.174,-338.989
2.091,1.033,0.147,-103.821,112.427,-353.699
1.924,1.011,0.157,-114.136,93.689,-370.300
1.717,0.996,0.167,-123.352,76.172,-386.108
1.511,0.974,0.192,-131.348,63.293,-399.841
1.302,0.938,0.230,-138.611,56.824,-409.241
1.099,0.884,0.255,-145.081,55.542,-413.269
0.916,0.815,0.270,-148.499,60.303,-413.452
0.765,0.744,0.300,-148.010,71.716,-411.438
0.648,0.689,0.343,-145.081,88.928,-404.968
0.523,0.649,0.380,-142.151,109.436,-394.714
0.397,0.625,0.410,-139.282,132.446,-383.789
0.311,0.605,0.454,-136.597,156.494,-373.901
0.217,0.616,0.486,-135.071,173.523,-362.183
0.107,0.622,0.532,-135.803,181.580,-346.680
0.002,0.650,0.559,-140.320,179.016,-326.111
-0.152,0.655,0.553,-148.376,168.518,-296.265
-0.241,0.674,0.602,-154.114,154.114,-260.376
-0.372,0.678,0.701,-154.053,128.357,-221.558
-0.475,0.655,0.831,-155.151,91.431,-180.237
-0.455,0.691,0.968,-163.574,39.429,-136.230
-0.515,0.668,0.935,-182.251,-27.222,-94.910
-0.630,0.618,0.761,-198.547,-74.097,-66.589
-0.529,0.601,0.734,-197.998,-70.435,-55.420
-0.412,0.574,0.867,-187.317,-29.785,-47.180
-0.311,0.562,1.016,-180.115,30.701,-34.851
-0.133,0.478,1.178,-174.194,103.333,-19.531
0.006,0.334,1.300,-163.208,175.781,-7.202
0.149,0.155,1.433,-144.775,232.178,-1.343
0.221,0.010,1.462,-125.183,258.057,-1.892
0.235,-0.130,1.471,-105.469,251.831,-7.629
0.184,-0.242,1.428,-87.952,213.318,-18.250
0.075,-0.322,1.304,-75.867,149.780,-33.264
-0.054,-0.387,1.117,-66.101,80.994,-46.692
-0.135,-0.429,0.918,-54.016,26.611,-54.688
-0.130,-0.438,0.764,-38.452,-3.784,-56.519
-0.100,-0.464,0.681,-23.743,-16.724,-49.316
-0.037,-0.509,0.617,-15.625,-22.095,-34.546
0.047,-0.536,0.563,-14.099,-24.963,-18.188
0.146,-0.552,0.523,-14.709,-22.766,-4.883
0.257,-0.582,0.506,-13.855,-13.428,5.249
0.330,-0.587,0.494,-11.414,-0.549,13.550
0.397,-0.590,0.475,-7.507,15.076,20.569
0.472,-0.620,0.462,-2.747,30.457,25.818
0.542,-0.660,0.491,-0.305,40.588,27.649
0.618,-0.663,0.457,-0.916,44.495,24.353
0.694,-0.660,0.485,0.854,46.326,18.677
0.716,-0.645,0.464,1.648,40.405,13.489
0.732,-0.671,0.459,1.709,32.654,10.193
0.722,-0.684,0.455,0.732,21.118,4.517
0.684,-0.665,0.441,-2.014,9.949,-0.977
0.630,-0.654,0.432,-4.150,3.723,-2.747
0.583,-0.661,0.418,-4.272,2.136,-0.610
0.554,-0.668,0.405,-3.479,3.967,2.747
0.547,-0.669,0.400,-3.174,8.972,6.104
0.539,-0.666,0.396,-3.845,16.235,10.254
-0.089,-0.576,-0.382,84.473,75.562,-118.591
-0.672,-0.181,-0.041,92.712,66.772,-73.853
-0.655,-0.731,0.072,90.820,73.425,-78.613
-0.391,-0.306,0.522,85.327,81.909,-127.930
-0.057,-0.409,0.443,52.795,108.704,-155.151
0.126,-0.461,0.278,-3.174,148.010,-129.395
0.280,-0.310,0.169,-48.096,137.390,-89.600
0.343,-0.160,-0.127,-65.979,84.412,-46.814
0.158,-0.164,-0.108,-48.279,5.981,3.540
-0.157,-0.080,0.233,-15.869,-62.195,52.612
-0.232,0.000,0.326,0.061,-88.013,82.581
-0.172,0.013,0.303,2.136,-87.158,99.365
-0.129,0.045,0.306,7.446,-86.853,115.356
-0.139,0.092,0.264,14.832,-84.412,132.141
-0.026,0.165,0.384,22.034,-78.491,147.034
0.041,0.173,0.368,21.362,-85.754,164.246
0.078,0.151,0.303,16.479,-100.037,178.467
0.149,0.178,0.336,14.709,-109.070,186.218
0.213,0.216,0.372,8.606,-116.760,191.833
0.267,0.284,0.381,0.122,-125.305,202.454
0.374,0.331,0.419,-7.019,-133.972,220.032
0.518,0.310,0.442,-20.874,-138.489,240.601
0.636,0.249,0.453,-30.884,-142.029,256.165
0.789,0.252,0.482,-31.128,-143.066,269.653
0.939,0.234,0.520,-30.884,-140.625,281.738
1.076,0.204,0.514,-32.654,-133.972,293.701
1.245,0.181,0.493,-33.325,-122.559,307.434
1.438,0.121,0.459,-29.419,-106.262,318.420
1.647,0.101,0.464,-15.930,-86.792,325.623
1.935,0.054,0.471,20.691,-66.589,329.163
1.966,0.005,0.379,61.035,-54.626,330.627
2.660,-0.153,0.370,81.055,-51.086,327.148
2.490,-0.263,0.571,87.158,-82.031,322.144
2.622,-0.393,0.252,83.557,-65.552,289.062
2.839,-0.447,0.102,92.224,-40.710,241.760
2.964,-0.417,0.037,98.145,-39.917,210.449
2.978,-0.398,-0.066,89.294,-48.767,199.097
3.016,-0.452,-0.243,73.059,-56.824,190.125
3.077,-0.542,-0.339,57.922,-65.674,172.913
3.170,-0.609,-0.360,37.781,-76.538,144.348
3.225,-0.619,-0.429,14.221,-82.642,105.591
3.175,-0.593,-0.484,-3.174,-84.473,64.758
3.062,-0.503,-0.495,-13.489,-83.313,28.076
2.948,-0.421,-0.528,-21.362,-73.975,-3.052
2.813,-0.346,-0.563,-26.978,-56.641,-27.161
2.702,-0.305,-0.570,-30.945,-33.875,-47.729
2.588,-0.291,-0.553,-35.278,-10.437,-67.749
2.455,-0.239,-0.527,-39.368,8.423,-88.562
2.327,-0.140,-0.491,-43.762,24.658,-109.314
2.218,-0.035,-0.442,-48.157,38.391,-126.953
2.206,0.109,-0.416,-52.429,50.232,-140.747
2.160,-0.005,-0.382,-53.345,55.786,-153.992
2.087,-0.073,-0.400,-59.875,58.289,-167.542
2.034,-0.033,-0.429,-70.984,60.425,-184.387
1.980,0.044,-0.447,-80.688,59.692,-206.116
1.805,-0.006,-0.458,-91.736,55.603,-229.065
1.719,0.109,-0.490,-111.633,54.565,-249.390
1.621,0.130,-0.456,-126.099,52.795,-267.273
1.505,0.145,-0.402,-139.038,50.842,-280.762
1.390,0.172,-0.357,-152.893,54.260,-291.931
1.270,0.201,-0.312,-160.828,59.998,-300.415
1.154,0.231,-0.259,-162.537,67.505,-303.955
1.059,0.256,-0.188,-163.269,78.735,-302.612
0.978,0.276,-0.105,-165.527,94.055,-296.570
0.885,0.280,-0.014,-166.626,111.694,-287.415
0.776,0.286,0.077,-165.344,130.554,-277.405
0.662,0.272,0.141,-161.987,149.719,-266.724
0.551,0.293,0.199,-156.006,168.274,-256.592
0.430,0.309,0.248,-148.743,189.331,-245.667
0.368,0.318,0.345,-141.174,212.463,-231.873
0.342,0.355,0.535,-132.690,229.858,-215.515
0.361,0.371,0.816,-129.333,228.149,-200.012
0.322,0.438,1.096,-136.658,203.674,-184.753
0.208,0.466,1.292,-152.283,159.973,-171.997
0.098,0.437,1.406,-168.274,108.032,-161.682
-0.058,0.448,1.432,-175.964,57.495,-145.447
-0.149,0.391,1.412,-168.274,16.357,-123.840
-0.160,0.298,1.357,-148.315,-9.705,-97.778
-0.136,0.193,1.317,-121.033,-22.156,-72.571
-0.030,0.193,1.329,-93.201,-27.954,-53.650
-0.033,-0.037,1.369,-66.406,-38.147,-41.870
-0.049,-0.126,1.339,-53.162,-51.025,-34.607
0.005,-0.120,1.291,-45.715,-63.965,-34.241
-0.028,-0.163,1.214,-33.752,-79.651,-34.424
-0.102,-0.223,1.031,-26.123,-82.886,-29.846
-0.094,-0.264,0.868,-18.250,-64.697,-24.963
-0.008,-0.297,0.811,-5.737,-36.194,-19.592
0.034,-0.338,0.788,7.446,-9.460,-9.827
0.053,-0.392,0.781,19.775,11.719,1.770
0.119,-0.453,0.793,30.762,24.658,12.939
0.199,-0.533,0.782,35.950,26.611,20.569
0.275,-0.636,0.733,34.424,19.653,22.949
0.305,-0.671,0.670,30.334,6.470,20.508
0.312,-0.697,0.626,26.611,-6.958,14.954
0.307,-0.705,0.591,23.865,-18.860,9.583
0.317,-0.704,0.564,21.301,-27.832,5.981
0.343,-0.694,0.555,19.714,-32.349,4.578
0.366,-0.682,0.550,19.287,-32.837,5.981
0.377,-0.698,0.553,20.508,-28.748,9.827
0.402,-0.724,0.569,24.170,-21.973,14.893
0.432,-0.742,0.591,28.992,-15.381,18.921
0.455,-0.765,0.608,33.936,-11.230,21.545
0.467,-0.779,0.629,38.757,-10.071,22.522
0.479,-0.783,0.652,42.358,-12.573,22.827
0.490,-0.788,0.665,43.213,-19.104,24.109
0.511,-0.795,0.690,42.297,-28.198,26.611
0.541,-0.810,0.715,40.833,-38.940,28.076
0.537,-0.823,0.711,39.978,-49.683,27.771
0.514,-0.819,0.692,41.260,-58.350,26.428
0.500,-0.806,0.679,45.349,-62.256,25.452
0.492,-0.801,0.690,50.476,-62.866,26.123
0.485,-0.806,0.705,53.955,-63.904,28.198
0.471,-0.803,0.705,55.420,-66.345,29.236
0.456,-0.795,0.693,57.922,-69.031,30.640
0.436,-0.788,0.681,61.768,-70.618,33.508
0.433,-0.786,0.676,66.040,-70.862,36.865
0.456,-0.781,0.662,70.496,-69.885,40.649
0.479,-0.799,0.637,75.439,-67.871,43.701
0.488,-0.815,0.598,80.627,-65.369,44.739
0.370,-0.924,0.389,116.089,-32.227,43.579
0.375,-0.921,0.303,117.615,-39.368,39.978
0.376,-0.909,0.224,116.760,-47.668,36.011
0.389,-0.895,0.166,114.624,-56.030,32.043
0.393,-0.877,0.094,110.352,-63.660,28.625
0.373,-0.860,0.018,105.469,-69.702,25.330
0.364,-0.838,-0.049,101.257,-72.205,20.935
0.353,-0.811,-0.110,96.924,-69.397,15.503
0.312,-0.775,-0.172,92.346,-61.829,9.705
0.259,-0.733,-0.207,88.318,-51.941,3.906
0.214,-0.688,-0.215,85.449,-41.504,-0.854
0.165,-0.628,-0.207,82.581,-32.471,-4.028
0.113,-0.568,-0.191,78.979,-27.832,-5.615
0.050,-0.502,-0.169,73.547,-29.663,-6.287
-0.016,-0.426,-0.158,64.514,-36.194,-7.141
-0.100,-0.345,-0.146,53.223,-45.959,-7.141
-0.190,-0.261,-0.143,40.894,-55.420,-5.005
-0.284,-0.179,-0.132,29.297,-62.744,0.671
-0.367,-0.088,-0.104,18.372,-68.237,9.033
-0.429,0.005,-0.063,7.324,-72.144,20.569
-0.467,0.109,-0.005,-3.906,-75.928,35.889
-0.497,0.219,0.081,-15.808,-79.285,55.359
-0.506,0.301,0.162,-29.419,-84.290,78.308
-0.495,0.376,0.220,-42.664,-92.102,106.445
-0.464,0.458,0.278,-52.673,-101.685,139.771
-0.409,0.523,0.330,-59.204,-111.877,176.575
-0.321,0.575,0.373,-63.293,-123.779,213.440
-0.160,0.599,0.427,-65.552,-135.437,245.728
-0.010,0.595,0.462,-67.505,-144.897,271.118
0.147,0.567,0.494,-67.627,-152.527,289.490
0.335,0.530,0.519,-66.895,-156.921,300.964
0.512,0.505,0.521,-67.749,-156.982,310.120
0.704,0.479,0.522,-68.115,-150.146,320.251
0.900,0.429,0.532,-66.528,-137.329,331.421
1.129,0.358,0.618,-63.354,-121.033,340.149
1.471,0.282,0.757,-62.134,-102.539,344.849
1.853,0.181,0.924,-63.965,-83.679,345.215
2.198,0.023,1.063,-66.101,-66.101,339.722
2.468,-0.144,1.107,-63.354,-50.659,328.796
2.595,-0.321,1.105,-48.645,-42.053,312.500
2.689,-0.421,1.065,-28.931,-42.969,286.926
2.808,-0.452,1.017,-13.123,-52.002,255.127
2.908,-0.467,0.949,-4.028,-63.843,226.257
2.982,-0.502,0.881,-0.061,-74.768,200.928
3.032,-0.542,0.808,0.610,-81.482,175.781
3.086,-0.567,0.707,0.183,-79.956,149.536
3.123,-0.577,0.633,0.122,-68.909,123.718
3.119,-0.568,0.565,-0.122,-52.185,98.999
3.093,-0.552,0.491,-0.916,-29.846,76.782
3.040,-0.549,0.420,-1.160,-5.920,55.908
2.952,-0.549,0.374,-2.014,15.930,32.288
2.748,-0.561,0.302,-5.005,35.034,2.197
2.743,-0.530,0.288,-7.935,48.889,-34.973
2.569,-0.442,0.151,-9.460,56.274,-72.815
2.489,-0.370,0.099,-12.939,74.280,-111.145
2.352,-0.269,0.041,-13.794,82.458,-140.991
2.219,-0.184,0.006,-19.348,92.651,-165.588
2.092,-0.120,0.000,-26.672,100.586,-184.326
2.019,-0.071,0.009,-35.950,108.215,-200.989
1.972,-0.044,0.047,-46.936,116.882,-214.600
1.911,-0.032,0.091,-57.495,124.451,-225.098
1.837,-0.023,0.125,-66.223,130.249,-236.023
1.763,-0.007,0.150,-72.815,134.094,-248.962
1.702,-0.007,0.185,-78.003,135.742,-262.268
1.612,-0.004,0.221,-83.191,135.254,-275.024
1.510,-0.014,0.251,-89.417,132.507,-288.574
1.385,-0.016,0.277,-95.337,127.930,-302.612
1.252,-0.009,0.301,-100.098,122.559,-315.735
1.128,0.010,0.325,-103.394,117.493,-326.294
1.006,0.048,0.354,-105.652,112.793,-331.970
0.879,0.043,0.374,-107.666,109.192,-332.153
0.748,0.053,0.394,-109.985,106.934,-329.407
0.627,0.068,0.434,-109.985,105.286,-326.782
0.504,0.097,0.492,-109.619,104.431,-323.242
0.405,0.146,0.573,-110.352,104.492,-319.946
0.283,0.182,0.649,-113.220,106.995,-314.331
0.121,0.215,0.749,-115.723,109.985,-306.274
-0.026,0.253,0.860,-115.417,114.014,-296.021
-0.179,0.282,0.990,-108.459,119.995,-279.663
-0.317,0.267,1.108,-93.018,123.962,-253.174
-0.396,0.222,1.208,-70.923,121.277,-217.651
-0.400,0.152,1.290,-47.668,109.863,-176.453
-0.352,0.039,1.307,-29.114,90.759,-135.803
-0.290,-0.087,1.262,-16.846,67.139,-102.417
-0.217,-0.180,1.207,-10.498,40.527,-81.177
-0.147,-0.271,1.128,-11.169,11.902,-70.374
-0.140,-0.328,1.017,-17.639,-14.038,-66.833
-0.096,-0.363,0.939,-25.452,-32.593,-69.336
-0.104,-0.373,0.898,-32.166,-43.945,-72.754
-0.120,-0.373,0.857,-36.499,-45.288,-72.632
-0.158,-0.380,0.832,-34.241,-39.001,-67.566
-0.202,-0.433,0.827,-25.208,-27.893,-59.143
-0.202,-0.488,0.817,-11.902,-15.991,-51.758
-0.179,-0.527,0.795,4.211,-5.920,-46.814
-0.145,-0.561,0.772,20.752,-0.183,-40.039
-0.122,-0.592,0.719,32.410,0.122,-32.349
-0.113,-0.648,0.648,39.307,-2.075,-25.269
-0.094,-0.707,0.560,43.518,-5.188,-21.973
-0.052,-0.738,0.472,46.448,-6.775,-21.729
-0.016,-0.756,0.403,48.828,-5.188,-21.057
-0.008,-0.769,0.341,50.049,-0.793,-18.555
-0.002,-0.788,0.297,50.293,6.226,-15.686
0.014,-0.802,0.277,49.072,13.733,-12.817
0.030,-0.823,0.278,45.715,18.127,-9.644
0.045,-0.849,0.282,40.710,17.151,-7.690
0.053,-0.868,0.277,33.203,10.803,-7.812
0.054,-0.877,0.271,24.109,1.526,-9.033
0.057,-0.876,0.279,15.259,-6.958,-8.911
0.060,-0.878,0.292,8.667,-13.733,-6.958
0.067,-0.880,0.302,4.517,-18.799,-3.723
0.077,-0.885,0.307,3.052,-21.912,0.000
0.090,-0.892,0.316,3.418,-22.888,2.319
0.092,-0.894,0.321,4.456,-23.071,2.747
0.079,-0.882,0.328,5.188,-21.484,1.343
0.065,-0.865,0.356,6.470,-18.555,-0.122
0.054,-0.847,0.397,7.324,-15.686,-0.305
0.045,-0.838,0.441,6.775,-14.221,1.343
0.041,-0.826,0.490,6.409,-14.404,4.211
0.045,-0.821,0.536,6.531,-16.296,7.324
0.875,-0.872,-0.021,38.696,0.183,-66.040
0.872,-0.793,-0.135,38.818,-4.272,-58.655
0.792,-0.704,-0.152,32.715,-25.208,-53.040
0.674,-0.672,-0.378,23.010,-52.612,-49.866
0.530,-0.559,-0.324,26.123,-89.722,-46.997
0.354,-0.406,-0.314,38.452,-104.614,-43.762
0.296,-0.449,-0.271,55.847,-102.234,-49.255
0.312,-0.487,-0.252,64.209,-96.802,-61.157
0.306,-0.501,-0.212,68.115,-94.238,-68.542
0.125,-0.341,-0.126,65.247,-92.163,-69.214
-0.050,-0.265,-0.005,64.941,-77.881,-80.627
-0.112,-0.307,0.062,51.697,-45.349,-117.493
-0.086,-0.479,0.006,23.743,-9.583,-149.536
-0.023,-0.500,-0.102,-2.502,3.052,-143.433
-0.069,-0.495,-0.142,-14.221,-14.343,-117.004
-0.249,-0.454,-0.094,-17.212,-46.631,-88.867
-0.363,-0.376,-0.004,-24.231,-79.712,-60.425
-0.474,-0.311,0.010,-41.565,-96.680,-32.410
-0.580,-0.292,0.025,-58.228,-106.689,-3.662
-0.638,-0.241,0.030,-70.251,-115.723,27.405
-0.678,-0.175,0.086,-77.209,-128.845,65.613
-0.751,-0.106,0.178,-82.153,-143.311,114.258
-0.835,-0.039,0.247,-85.693,-151.672,163.940
-0.863,0.048,0.302,-84.290,-152.893,208.618
-0.819,0.106,0.361,-76.355,-143.250,251.160
-0.690,0.205,0.401,-62.927,-127.563,294.495
-0.501,0.300,0.488,-47.241,-110.107,336.609
-0.234,0.418,0.605,-32.227,-95.276,372.070
0.085,0.527,0.758,-20.447,-85.510,401.428
0.444,0.561,0.933,-10.803,-83.801,422.424
0.829,0.620,1.044,-7.690,-92.773,434.631
1.251,0.495,1.086,-12.695,-106.079,434.692
1.598,0.397,1.069,-16.785,-121.460,423.462
1.778,0.377,0.984,-17.822,-134.644,401.489
1.853,0.351,0.887,-23.865,-141.174,375.183
1.904,0.456,0.816,-29.480,-142.883,355.896
1.965,0.466,0.846,-28.748,-145.752,337.646
2.003,0.534,0.930,-23.560,-140.808,329.285
2.080,0.682,1.051,-17.029,-134.583,318.970
2.387,0.743,1.258,-5.798,-134.277,298.096
2.716,0.664,1.514,9.094,-142.761,267.639
2.777,0.574,1.813,19.470,-152.100,234.985
2.765,0.663,1.875,13.672,-136.902,196.228
2.867,0.667,1.493,4.639,-92.590,145.142
2.907,0.659,1.272,23.804,-60.364,95.215
2.839,0.622,1.122,41.199,-43.152,49.072
2.751,0.596,0.968,39.490,-31.006,6.958
2.639,0.567,0.872,31.799,-20.813,-31.494
2.520,0.545,0.780,23.193,-11.963,-68.787
2.389,0.524,0.700,14.709,-3.601,-104.370
2.243,0.495,0.632,7.874,3.357,-136.536
2.082,0.486,0.583,2.136,7.629,-165.649
1.905,0.481,0.548,-2.014,10.010,-192.444
1.762,0.466,0.511,-5.310,13.672,-216.553
1.653,0.426,0.484,-7.202,17.883,-237.488
1.574,0.370,0.468,-6.592,20.203,-258.179
1.495,0.346,0.436,-2.563,20.630,-280.701
1.373,0.346,0.423,3.357,17.639,-303.406
1.212,0.356,0.379,6.104,11.658,-323.059
1.017,0.361,0.336,4.272,3.357,-337.280
0.840,0.344,0.303,-1.770,-2.869,-345.093
0.706,0.292,0.308,-9.949,-3.418,-348.206
0.601,0.243,0.341,-16.113,2.502,-348.145
0.496,0.201,0.387,-18.860,10.620,-348.083
0.391,0.147,0.431,-21.667,18.188,-348.511
0.257,0.127,0.480,-25.879,23.132,-348.999
0.097,0.111,0.522,-29.663,27.405,-349.060
-0.072,0.087,0.587,-33.264,33.691,-347.473
-0.230,0.054,0.658,-37.354,43.091,-339.905
-0.370,0.003,0.708,-37.476,56.580,-325.928
-0.464,-0.056,0.772,-32.166,75.378,-306.946
-0.505,-0.113,0.834,-21.240,97.534,-284.851
-0.515,-0.168,0.894,-9.094,114.746,-261.719
-0.506,-0.206,0.942,2.075,118.347,-238.464
-0.485,-0.241,0.951,11.780,103.333,-215.576
-0.487,-0.270,0.911,14.526,68.604,-192.688
-0.520,-0.303,0.820,8.545,22.766,-167.297
-0.549,-0.351,0.735,-1.099,-15.381,-140.686
-0.532,-0.408,0.682,-9.949,-36.804,-115.723
-0.504,-0.457,0.663,-15.686,-44.128,-94.421
-0.469,-0.492,0.681,-18.738,-42.847,-76.416
-0.424,-0.505,0.695,-19.897,-37.781,-60.486
-0.340,-0.518,0.716,-18.250,-30.518,-47.424
-0.211,-0.521,0.766,-15.259,-22.827,-38.208
-0.106,-0.537,0.825,-12.695,-18.555,-33.508
-0.046,-0.555,0.828,-8.728,-17.334,-33.142
-0.032,-0.578,0.796,-2.075,-17.944,-35.828
-0.038,-0.594,0.752,1.892,-20.020,-38.757
-0.073,-0.607,0.712,1.709,-22.156,-39.673
-0.108,-0.624,0.691,-0.122,-19.287,-37.659
-0.151,-0.643,0.688,-2.014,-11.963,-32.776
-0.168,-0.661,0.682,-2.869,-1.831,-26.184
-0.157,-0.674,0.670,-2.258,9.094,-17.517
-0.110,-0.681,0.664,-3.601,17.212,-8.728
-0.030,-0.713,0.685,-5.859,21.667,-0.732
0.053,-0.684,0.730,-5.005,20.142,7.446
0.147,-0.691,0.758,-1.160,13.184,9.033
0.186,-0.723,0.738,2.991,3.113,2.380
0.186,-0.729,0.701,5.615,-7.568,-4.150
0.156,-0.738,0.662,5.981,-13.855,-8.545
0.124,-0.743,0.627,6.226,-11.475,-11.475
0.120,-0.748,0.620,7.751,-1.892,-12.146
0.126,-0.749,0.624,7.751,9.338,-9.399
0.156,-0.747,0.648,6.592,18.005,-5.432
0.207,-0.744,0.678,5.493,22.522,-1.709
0.249,-0.758,0.702,5.005,23.132,-0.793
0.251,-0.768,0.696,5.371,19.104,-3.113
0.229,-0.777,0.672,6.287,12.878,-6.226
0.215,-0.779,0.642,6.409,8.240,-7.446
0.208,-0.778,0.630,6.104,5.371,-7.812
0.199,-0.772,0.637,5.371,3.296,-7.568
0.192,-0.772,0.640,4.395,1.099,-6.714
0.177,-0.770,0.638,4.028,-1.038,-5.493
0.154,-0.769,0.626,4.211,-3.235,-4.211
0.119,-0.765,0.620,3.845,-6.042,-2.869
0.079,-0.757,0.614,2.319,-9.705,-0.549
0.036,-0.746,0.617,0.549,-11.841,2.197
0.001,-0.732,0.636,-0.183,-12.573,4.883
-0.025,-0.717,0.670,-0.977,-13.123,8.240
0.279,-0.336,0.359,39.734,-8.667,57.861
0.324,-0.385,0.259,36.377,-12.878,58.289
0.312,-0.401,0.235,22.705,-17.700,53.589
0.247,-0.398,0.260,3.479,-23.010,48.035
0.177,-0.404,0.300,-13.428,-24.109,42.236
0.263,-0.660,0.291,-25.635,-19.775,33.813
0.117,-0.498,0.273,-39.063,-12.939,11.475
-0.120,-0.419,0.290,-51.880,-15.808,-3.235
-0.138,-0.301,0.294,-65.491,-35.278,-0.793
-0.404,-0.189,0.396,-73.059,-64.026,17.517
-0.682,0.059,0.340,-62.683,-91.064,51.331
-0.539,-0.046,0.307,-44.617,-102.356,111.328
-0.047,-0.249,0.257,-35.034,-99.976,163.025
0.135,-0.563,0.284,-23.010,-87.097,172.485
0.168,-0.707,0.156,-12.207,-82.581,140.015
-0.101,-0.349,-0.028,-14.832,-87.769,93.445
-0.291,-0.256,-0.043,-32.776,-102.112,74.219
-0.294,-0.182,-0.039,-54.199,-112.000,77.271
-0.264,-0.190,0.041,-67.810,-113.770,82.764
-0.351,-0.180,0.080,-68.604,-110.657,80.688
-0.480,-0.157,0.087,-70.190,-107.178,74.768
-0.531,-0.118,0.079,-78.613,-103.088,74.951
-0.577,-0.083,0.061,-86.243,-97.900,76.477
-0.626,-0.072,-0.011,-91.736,-100.037,82.275
-0.646,-0.027,-0.093,-99.915,-114.807,93.262
-0.645,0.034,-0.099,-113.220,-141.235,107.605
-0.655,0.111,-0.026,-131.653,-176.086,122.498
-0.666,0.219,0.144,-153.992,-214.417,135.803
-0.696,0.332,0.391,-175.903,-250.732,144.409
-0.719,0.489,0.653,-193.665,-280.029,148.499
-0.717,0.603,0.845,-204.590,-298.767,148.071
-0.741,0.712,0.952,-210.083,-305.664,143.066
-0.833,0.788,1.053,-207.703,-293.701,136.902
-0.960,0.858,1.231,-196.472,-264.099,131.836
-0.992,0.935,1.445,-180.603,-230.164,129.395
-0.808,0.970,1.718,-162.781,-203.918,127.930
-0.815,1.044,1.772,-142.090,-199.890,121.277
-0.838,1.022,1.866,-118.896,-200.439,113.159
-0.898,1.064,1.991,-111.694,-208.862,102.905
-1.056,1.195,2.132,-111.145,-222.412,92.041
-1.199,1.260,2.289,-98.511,-218.567,85.632
-1.193,1.341,2.429,-83.923,-199.890,79.285
-1.159,1.453,2.574,-71.716,-175.598,69.702
-1.180,1.543,2.667,-55.359,-149.109,55.969
-1.146,1.602,2.731,-38.513,-116.699,39.551
-1.061,1.649,2.786,-22.766,-78.918,20.996
-0.977,1.661,2.777,-4.761,-41.565,0.793
-0.926,1.657,2.703,15.625,-6.348,-20.264
-0.879,1.625,2.602,35.278,22.400,-40.527
-0.860,1.572,2.494,52.490,41.504,-57.007
-0.834,1.510,2.377,68.481,51.758,-67.322
-0.775,1.456,2.250,85.815,56.152,-72.998
-0.702,1.407,2.115,103.271,57.556,-77.698
-0.704,1.409,1.903,118.896,56.458,-84.167
-0.607,1.296,1.821,137.573,62.866,-91.858
-0.603,1.259,1.669,151.062,58.960,-108.337
-0.598,1.201,1.565,164.490,57.373,-127.075
-0.611,1.161,1.474,178.467,60.303,-141.785
-0.630,1.142,1.427,188.293,63.477,-153.992
-0.676,1.124,1.435,195.862,66.162,-164.734
-0.753,1.091,1.441,205.688,66.711,-172.485
-0.830,1.067,1.388,219.055,64.880,-175.781
-0.887,1.028,1.312,231.995,60.425,-176.086
-0.916,0.973,1.215,241.943,53.101,-173.889
-0.946,0.890,1.111,248.596,42.419,-167.664
-0.990,0.807,1.020,255.310,29.541,-155.823
-0.983,0.748,0.858,265.137,18.433,-140.869
-0.956,0.667,0.606,277.893,5.920,-127.075
-0.953,0.573,0.377,286.560,-9.460,-115.295
-0.944,0.470,0.207,285.095,-21.118,-107.971
-0.986,0.379,0.086,278.015,-21.545,-102.539
-1.040,0.241,-0.044,275.452,-8.362,-100.464
-1.094,0.076,-0.214,278.992,13.184,-98.511
-1.105,-0.084,-0.435,284.241,32.349,-91.553
-1.092,-0.261,-0.675,282.593,39.368,-78.369
-1.152,-0.306,-0.914,269.653,37.659,-62.317
-1.248,-0.467,-1.075,256.104,45.959,-43.091
-1.306,-0.692,-1.179,244.934,80.872,-22.949
-1.353,-0.939,-1.223,216.003,128.906,-16.418
-1.343,-1.012,-1.137,175.415,183.167,-23.071
-1.058,-1.225,-0.716,132.568,218.201,-32.104
-0.970,-0.932,-0.545,81.116,181.458,-47.546
-0.979,-0.666,-0.233,59.631,98.877,-47.729
-0.966,-0.581,-0.116,70.923,25.818,-13.855
-0.822,-0.560,-0.135,77.698,-20.020,19.287
-0.648,-0.548,-0.212,80.505,-43.213,39.551
-0.522,-0.603,-0.311,73.242,-50.537,45.044
-0.490,-0.670,-0.336,55.603,-32.898,35.950
-0.487,-0.694,-0.281,34.607,1.709,16.235
-0.516,-0.702,-0.214,15.442,43.823,-3.540
-0.534,-0.700,-0.152,0.916,83.252,-18.921
-0.558,-0.695,-0.079,-11.597,107.056,-28.442
-0.590,-0.670,0.026,-24.231,110.779,-29.846
-0.716,-0.773,0.237,-35.095,99.854,-21.912
-0.623,-0.529,0.335,-36.682,80.017,-7.568
-0.397,-0.418,0.451,-27.222,51.392,10.315
-0.308,-0.387,0.541,-25.024,13.855,27.466
-0.287,-0.369,0.597,-17.029,-21.301,37.354
-0.284,-0.345,0.612,-7.324,-45.837,41.382
-0.280,-0.326,0.620,-3.174,-58.594,40.955
-0.149,-0.538,0.820,-7.324,-62.744,35.400
-0.226,-0.314,0.761,-27.893,-73.486,14.282
-0.342,-0.254,0.901,-35.217,-80.505,-3.540
-0.445,-0.292,0.960,-17.029,-72.021,-2.197
-0.479,-0.328,0.915,-7.812,-54.321,3.845
-0.493,-0.405,0.870,0.671,-36.377,13.367
-0.469,-0.470,0.841,5.127,-23.010,22.583
-0.417,-0.486,0.817,3.967,-14.343,27.710
-0.376,-0.485,0.821,0.183,-9.399,30.029
-0.350,-0.481,0.842,-3.357,-7.507,31.006
-0.341,-0.474,0.856,-4.944,-7.202,30.945
-0.302,-0.462,0.838,-5.066,-6.897,29.602
-0.245,-0.424,0.828,-6.042,-6.226,26.672
-0.219,-0.410,0.844,-8.850,-3.906,19.653
-0.239,-0.425,0.887,-12.024,3.662,9.460
-0.264,-0.438,0.919,-10.864,15.076,0.793
-0.265,-0.442,0.912,-4.700,23.621,-5.188
-0.280,-0.471,0.860,2.014,26.001,-7.690
-0.325,-0.517,0.796,6.531,23.987,-8.179
0.364,-0.186,0.865,24.963,85.388,-5.798
0.367,-0.205,0.802,30.579,95.520,-2.747
0.380,-0.228,0.733,36.194,105.042,-0.305
0.392,-0.227,0.651,38.757,108.459,0.427
0.387,-0.243,0.592,41.870,105.652,1.648
0.335,-0.284,0.537,48.218,98.145,4.395
0.241,-0.339,0.480,55.054,86.853,9.338
0.127,-0.376,0.414,58.167,75.562,16.479
0.036,-0.371,0.353,58.777,70.740,23.865
-0.015,-0.348,0.300,60.852,75.500,31.677
-0.051,-0.366,0.240,66.162,83.923,43.091
-0.089,-0.408,0.204,71.472,89.600,56.213
-0.115,-0.451,0.150,70.740,89.844,66.711
-0.152,-0.448,0.105,63.110,85.449,76.843
-0.195,-0.443,0.096,54.382,79.224,83.130
-0.169,-0.520,0.093,46.021,74.524,84.106
-0.246,-0.497,0.087,36.011,72.449,91.858
-0.314,-0.460,0.051,25.513,68.542,102.661
-0.371,-0.432,0.046,15.259,59.082,117.554
-0.455,-0.415,0.038,6.714,41.870,139.893
-0.559,-0.399,0.032,2.380,17.944,165.222
-0.661,-0.370,0.067,3.357,-11.841,188.110
-0.711,-0.342,0.103,5.737,-45.044,214.539
-0.743,-0.303,0.137,4.883,-77.209,248.413
-0.757,-0.255,0.158,4.272,-104.614,283.936
-0.781,-0.179,0.165,6.226,-124.146,317.139
-0.803,-0.108,0.158,9.033,-138.977,347.168
-0.807,-0.064,0.147,6.042,-152.649,376.099
-0.804,-0.005,0.133,-5.981,-163.940,403.198
-0.767,0.092,0.066,-24.353,-171.082,422.119
-0.738,0.159,0.068,-49.805,-172.974,428.650
-0.868,0.507,0.333,-83.374,-164.734,419.617
-0.952,0.834,0.516,-109.436,-145.386,412.781
-0.912,1.153,0.733,-117.981,-113.464,412.842
-0.734,1.494,0.995,-123.108,-83.984,410.645
-0.391,1.778,1.211,-121.887,-65.063,405.090
-0.052,2.052,1.403,-112.488,-60.425,394.104
0.167,2.157,1.505,-100.464,-77.271,388.123
0.227,2.158,1.596,-87.036,-102.905,388.916
0.222,2.193,1.685,-68.420,-114.624,384.094
0.326,2.166,1.731,-45.349,-110.718,369.141
0.437,2.173,1.726,-19.958,-96.069,349.060
0.468,2.244,1.696,-2.686,-84.290,327.087
0.515,2.361,1.695,1.404,-78.979,305.969
0.624,2.521,1.711,-6.348,-76.355,290.710
0.757,2.719,1.745,-17.944,-70.679,277.466
0.918,2.920,1.797,-28.076,-61.157,260.742
1.101,3.091,1.827,-34.485,-51.636,238.770
1.241,3.209,1.814,-34.668,-41.992,211.731
1.305,3.297,1.758,-28.442,-32.227,178.650
1.354,3.333,1.698,-19.165,-22.522,140.991
1.438,3.333,1.632,-10.986,-14.343,101.868
1.519,3.286,1.547,-4.944,-6.897,56.580
1.440,3.189,1.436,2.747,-1.831,5.310
1.301,3.020,1.298,14.160,6.958,-42.358
1.140,2.863,1.127,27.161,19.714,-87.219
0.916,2.681,0.969,36.682,28.809,-127.075
0.747,2.515,0.850,39.001,31.982,-163.208
0.581,2.369,0.770,33.630,31.372,-191.956
0.457,2.235,0.753,24.780,32.593,-215.027
0.380,2.133,0.775,13.916,38.330,-239.868
0.346,2.078,0.824,0.916,40.466,-264.465
0.321,2.054,0.889,-10.010,35.278,-288.208
0.297,2.004,0.961,-13.245,28.931,-311.279
0.264,1.936,1.015,-10.925,23.682,-334.839
0.214,1.864,1.054,-4.333,21.423,-359.680
0.146,1.781,1.060,5.188,23.560,-382.874
0.065,1.681,1.035,17.517,29.297,-402.649
-0.033,1.572,0.970,30.640,35.156,-419.983
-0.154,1.444,0.873,42.358,39.551,-433.289
-0.253,1.302,0.774,49.377,43.274,-440.979
-0.327,1.195,0.665,50.598,49.072,-443.481
-0.407,1.042,0.580,46.021,57.129,-443.787
-0.454,0.905,0.536,34.607,64.880,-443.420
-0.501,0.768,0.533,20.569,73.425,-440.308
-0.564,0.632,0.549,5.859,85.815,-433.960
-0.625,0.510,0.573,-8.118,101.440,-424.805
-0.694,0.412,0.623,-21.118,115.845,-413.452
-0.739,0.347,0.653,-26.855,122.864,-399.658
-0.819,0.248,0.687,-17.761,114.685,-382.996
-0.906,0.129,0.673,6.226,83.862,-365.662
-0.992,-0.011,0.616,39.551,35.950,-347.107
-1.040,-0.189,0.556,69.641,-17.151,-322.815
-1.059,-0.363,0.534,85.144,-60.791,-293.518
-1.040,-0.490,0.598,83.008,-84.351,-260.376
-0.967,-0.536,0.722,68.115,-83.801,-225.098
-0.846,-0.579,0.870,48.340,-64.697,-190.857
-0.705,-0.601,1.020,30.579,-34.668,-159.912
-0.550,-0.580,1.108,18.555,-2.808,-132.690
-0.427,-0.496,1.098,14.893,23.193,-111.572
-0.307,-0.403,1.007,18.311,43.823,-96.558
-0.202,-0.331,0.874,22.522,58.289,-86.365
-0.121,-0.299,0.730,23.437,65.979,-78.979
-0.063,-0.309,0.608,22.400,68.481,-72.937
-0.012,-0.351,0.513,22.644,65.186,-68.726
0.040,-0.386,0.443,21.973,55.969,-64.331
0.073,-0.422,0.408,20.691,42.419,-59.631
0.096,-0.451,0.395,19.836,29.541,-54.443
0.120,-0.485,0.400,19.409,19.714,-48.462
0.149,-0.525,0.418,18.555,12.268,-40.833
0.182,-0.549,0.451,16.235,7.385,-31.311
0.246,-0.531,0.472,13.733,7.935,-21.301
0.342,-0.502,0.488,10.742,12.024,-13.550
0.399,-0.460,0.491,7.690,16.785,-8.789
0.427,-0.456,0.471,6.897,24.475,-6.287
0.432,-0.475,0.451,6.897,32.715,-5.005
0.433,-0.492,0.427,4.761,39.551,-3.723
0.459,-0.496,0.400,-0.122,45.410,-3.479
0.494,-0.517,0.398,-6.775,49.927,-5.859
0.519,-0.528,0.431,-13.489,53.345,-9.338
0.540,-0.523,0.466,-16.174,55.725,-11.108
0.559,-0.501,0.472,-13.916,51.147,-10.925
0.577,-0.491,0.448,-7.202,41.260,-10.681
0.576,-0.496,0.424,-1.038,29.297,-8.972
0.584,-0.504,0.425,1.099,17.944,-5.371
0.618,-0.500,0.464,-0.488,11.780,-1.099
0.659,-0.489,0.515,-2.625,9.155,0.793
0.673,-0.471,0.555,-2.258,7.080,1.404
0.670,-0.462,0.575,0.854,5.249,1.099
0.367,-0.205,0.802,30.579,95.520,-2.747
0.380,-0.228,0.733,36.194,105.042,-0.305
0.392,-0.227,0.651,38.757,108.459,0.427
0.387,-0.243,0.592,41.870,105.652,1.648
0.335,-0.284,0.537,48.218,98.145,4.395
0.241,-0.339,0.480,55.054,86.853,9.338
0.127,-0.376,0.414,58.167,75.562,16.479
0.036,-0.371,0.353,58.777,70.740,23.865
-0.015,-0.348,0.300,60.852,75.500,31.677
-0.051,-0.366,0.240,66.162,83.923,43.091
-0.089,-0.408,0.204,71.472,89.600,56.213
-0.115,-0.451,0.150,70.740,89.844,66.711
-0.152,-0.448,0.105,63.110,85.449,76.843
-0.195,-0.443,0.096,54.382,79.224,83.130
-0.169,-0.520,0.093,46.021,74.524,84.106
-0.246,-0.497,0.087,36.011,72.449,91.858
-0.314,-0.460,0.051,25.513,68.542,102.661
-0.371,-0.432,0.046,15.259,59.082,117.554
-0.455,-0.415,0.038,6.714,41.870,139.893
-0.559,-0.399,0.032,2.380,17.944,165.222
-0.661,-0.370,0.067,3.357,-11.841,188.110
-0.711,-0.342,0.103,5.737,-45.044,214.539
-0.743,-0.303,0.137,4.883,-77.209,248.413
-0.757,-0.255,0.158,4.272,-104.614,283.936
-0.781,-0.179,0.165,6.226,-124.146,317.139
-0.803,-0.108,0.158,9.033,-138.977,347.168
-0.807,-0.064,0.147,6.042,-152.649,376.099
-0.804,-0.005,0.133,-5.981,-163.940,403.198
-0.767,0.092,0.066,-24.353,-171.082,422.119
-0.738,0.159,0.068,-49.805,-172.974,428.650
-0.868,0.507,0.333,-83.374,-164.734,419.617
-0.952,0.834,0.516,-109.436,-145.386,412.781
-0.912,1.153,0.733,-117.981,-113.464,412.842
-0.734,1.494,0.995,-123.108,-83.984,410.645
-0.391,1.778,1.211,-121.887,-65.063,405.090
-0.052,2.052,1.403,-112.488,-60.425,394.104
0.167,2.157,1.505,-100.464,-77.271,388.123
0.227,2.158,1.596,-87.036,-102.905,388.916
0.222,2.193,1.685,-68.420,-114.624,384.094
1.555,2.028,2.332,63.110,-49.683,169.434
1.683,2.090,2.250,58.655,-21.851,150.757
1.807,2.165,2.165,51.575,10.803,129.089
2.023,2.236,2.069,43.640,42.053,102.478
1.962,2.227,1.838,39.551,70.862,72.266
2.249,2.313,1.740,45.288,100.403,20.264
2.084,2.266,1.445,44.739,103.210,-16.479
2.082,2.220,1.183,45.654,120.911,-65.063
1.910,2.107,0.962,50.476,125.000,-116.577
1.634,1.975,0.792,50.415,118.591,-160.950
1.412,1.813,0.665,49.683,112.488,-201.660
1.236,1.668,0.579,49.866,108.154,-234.375
1.094,1.554,0.525,50.232,99.792,-256.897
0.983,1.471,0.483,47.180,89.417,-270.935
0.922,1.389,0.481,39.307,79.407,-279.297
0.897,1.345,0.495,28.320,71.350,-284.119
0.869,1.323,0.517,15.686,67.749,-289.612
0.823,1.276,0.555,4.150,67.688,-299.500
0.737,1.215,0.581,-3.784,67.627,-312.195
0.630,1.117,0.570,-7.751,66.406,-323.364
0.521,1.008,0.532,-9.644,63.354,-330.627
0.424,0.914,0.494,-12.878,57.800,-333.374
0.421,0.818,0.431,-18.127,49.866,-333.496
0.278,0.740,0.416,-23.560,41.382,-330.505
0.142,0.654,0.424,-29.236,31.494,-328.186
0.071,0.589,0.469,-35.217,24.292,-325.012
0.004,0.539,0.510,-41.321,20.264,-318.604
-0.094,0.498,0.536,-47.058,16.846,-311.096
-0.231,0.432,0.558,-50.659,14.038,-304.504
-0.354,0.376,0.590,-55.908,16.785,-295.654
-0.418,0.380,0.636,-64.453,23.987,-285.461
-0.452,0.373,0.651,-71.472,30.273,-275.330
-0.520,0.339,0.645,-76.782,34.912,-265.564
-0.609,0.334,0.631,-81.421,40.466,-255.798
-0.708,0.336,0.597,-81.970,42.236,-245.850
-0.809,0.314,0.572,-77.820,30.884,-236.450
-0.913,0.269,0.608,-74.036,8.545,-225.769
-0.989,0.188,0.672,-75.317,-13.489,-212.158
-1.041,0.113,0.774,-82.153,-23.682,-196.106
-0.998,0.098,0.949,-94.971,-15.686,-179.077
-0.888,0.095,1.131,-112.366,8.850,-162.048
-0.784,0.109,1.319,-127.075,44.067,-146.973
-0.668,0.134,1.419,-130.920,80.383,-135.315
-0.567,0.134,1.398,-121.521,104.065,-127.258
-0.505,0.106,1.314,-104.553,104.370,-119.934
-0.504,0.070,1.246,-87.280,84.839,-109.619
-0.480,0.015,1.188,-71.655,56.824,-95.764
-0.421,-0.031,1.177,-57.373,26.672,-79.773
-0.354,-0.041,1.208,-43.457,-2.014,-62.317
-0.307,-0.075,1.211,-29.236,-24.353,-46.326
-0.260,-0.079,1.186,-17.334,-40.161,-34.241
-0.178,-0.098,1.174,-11.536,-42.419,-23.315
-0.079,-0.101,1.167,-11.230,-32.532,-13.855
0.038,-0.113,1.141,-13.000,-16.174,-8.301
0.129,-0.113,1.100,-14.709,2.380,-4.883
0.217,-0.111,1.031,-15.259,19.714,-2.747
0.285,-0.127,0.953,-14.954,30.090,-0.244
0.349,-0.141,0.867,-15.564,32.410,3.235
0.399,-0.122,0.817,-17.090,28.625,7.263
0.428,-0.088,0.805,-18.799,20.264,9.033
0.447,-0.078,0.830,-19.531,10.071,7.446
0.475,-0.085,0.885,-17.944,0.122,4.578
0.507,-0.073,0.940,-12.268,-7.690,1.709
0.525,-0.064,0.987,-4.761,-13.000,-3.052
0.524,-0.071,1.026,-0.366,-17.029,-5.920
0.522,-0.085,1.080,-0.122,-17.456,-6.348
0.516,-0.098,1.119,-0.732,-11.475,-5.981
0.509,-0.107,1.121,-0.854,-1.221,-5.615
0.499,-0.120,1.102,0.183,8.179,-5.127
0.490,-0.127,1.069,1.343,13.367,-3.662
0.482,-0.130,1.039,2.319,15.686,-1.343
0.502,-0.117,1.010,3.052,16.663,0.366
0.514,-0.109,0.988,3.296,16.541,0.977
0.508,-0.108,0.979,3.174,15.015,0.244
0.491,-0.116,0.984,3.906,12.390,-1.404
0.464,-0.129,1.004,5.005,9.949,-2.747
0.443,-0.148,1.022,6.836,8.606,-3.723
0.411,-0.164,1.031,10.071,7.263,-3.967
0.378,-0.177,1.026,13.428,6.531,-2.747
0.348,-0.185,1.024,16.724,5.188,-0.549
0.620,-0.246,-0.430,-1.038,-0.793,-21.118
0.545,-0.239,-0.390,-6.042,-5.127,-22.034
0.469,-0.243,-0.336,-11.292,-6.775,-23.926
0.382,-0.273,-0.290,-13.733,-8.301,-25.391
0.279,-0.294,-0.259,-12.085,-10.071,-24.841
0.176,-0.307,-0.247,-8.240,-13.000,-21.729
0.084,-0.318,-0.243,-5.432,-17.456,-15.015
0.016,-0.325,-0.232,-5.615,-18.616,-5.310
-0.036,-0.316,-0.246,-8.240,-15.625,7.141
-0.065,-0.267,-0.266,-13.855,-9.583,21.362
-0.055,-0.201,-0.231,-22.217,-3.540,36.743
-0.046,-0.127,-0.164,-30.640,-0.427,52.124
-0.041,-0.052,-0.086,-33.691,-0.183,65.735
-0.041,-0.006,-0.055,-29.236,-2.197,75.745
-0.076,0.023,-0.079,-22.034,-7.263,83.984
-0.119,0.053,-0.102,-16.663,-13.794,92.529
-0.159,0.060,-0.106,-15.076,-18.921,101.318
-0.209,0.071,-0.092,-17.029,-21.057,110.657
-0.246,0.092,-0.054,-17.212,-22.217,120.117
-0.281,0.121,-0.016,-13.489,-24.292,130.676
-0.322,0.150,0.000,-7.935,-29.114,142.761
-0.366,0.190,0.009,-3.601,-36.133,156.677
-0.405,0.231,0.023,-0.183,-42.480,172.058
-0.448,0.286,0.067,3.967,-49.133,188.416
-0.484,0.371,0.140,9.338,-58.167,206.055
-0.481,0.460,0.205,17.700,-71.777,225.098
-0.465,0.537,0.234,27.588,-94.116,243.958
-0.441,0.619,0.258,37.170,-121.826,262.817
-0.404,0.733,0.311,46.265,-146.301,280.884
-0.335,0.883,0.419,52.673,-163.269,295.837
-0.222,1.035,0.556,54.688,-174.316,309.387
-0.081,1.156,0.694,53.284,-187.683,324.219
0.003,1.246,0.822,53.345,-201.538,338.623
0.086,1.363,0.942,53.833,-207.092,349.487
0.208,1.471,1.041,50.903,-200.195,354.370
0.359,1.579,1.110,44.128,-181.580,353.027
0.492,1.689,1.157,37.598,-156.311,345.947
0.648,1.788,1.193,32.043,-126.953,333.496
0.801,1.875,1.189,26.550,-94.604,318.237
0.970,1.996,1.144,20.935,-60.791,302.368
1.161,2.087,1.139,16.541,-35.583,282.959
1.336,2.150,1.166,11.536,-18.860,263.428
1.508,2.202,1.168,10.376,-4.517,244.141
1.646,2.226,1.114,19.714,4.272,223.755
1.699,2.234,1.070,43.518,-6.531,200.989
1.729,2.193,0.992,75.989,-34.058,176.147
1.719,2.101,0.872,104.736,-64.575,155.151
1.664,2.011,0.766,122.314,-91.003,139.343
1.598,1.931,0.646,129.028,-104.248,124.573
1.537,1.834,0.548,124.573,-100.708,107.544
1.453,1.746,0.464,112.732,-88.074,88.379
1.342,1.659,0.409,97.839,-72.266,68.726
1.238,1.570,0.346,80.017,-54.688,49.377
1.279,1.557,0.277,61.890,-38.086,31.372
0.890,1.450,0.262,45.410,-31.738,22.644
1.013,1.445,0.290,29.419,-19.958,4.089
0.961,1.428,0.328,19.409,-15.991,-1.648
1.034,1.446,0.351,12.878,-6.104,-9.094
1.003,1.429,0.417,13.306,-8.484,-20.447
0.925,1.370,0.430,14.099,-15.564,-29.968
0.823,1.288,0.413,17.151,-19.531,-40.100
0.728,1.217,0.370,17.761,-20.691,-47.302
0.680,1.172,0.337,16.235,-20.325,-51.086
0.690,1.153,0.350,11.963,-18.005,-51.880
0.776,1.177,0.375,5.798,-13.977,-50.171
0.861,1.239,0.387,1.770,-9.705,-48.279
0.945,1.334,0.437,4.272,-9.827,-45.959
1.061,1.419,0.454,11.780,-16.785,-41.748
1.177,1.507,0.404,22.034,-30.518,-38.696
1.269,1.578,0.326,34.180,-46.631,-42.358
1.362,1.652,0.218,39.612,-58.777,-53.955
1.384,1.725,0.161,33.997,-66.650,-74.524
1.308,1.802,0.199,17.090,-67.871,-102.356
1.198,1.843,0.383,-8.850,-61.584,-132.080
1.134,1.867,0.623,-35.400,-47.729,-158.264
1.099,1.904,0.823,-52.856,-31.860,-178.101
1.047,1.897,0.989,-55.542,-23.926,-193.481
1.049,1.860,1.034,-44.250,-23.437,-206.848
0.997,1.806,1.005,-21.423,-31.128,-220.459
0.886,1.723,0.926,4.822,-44.739,-235.046
0.746,1.605,0.821,24.597,-55.115,-249.268
0.643,1.506,0.730,34.363,-58.105,-261.169
0.615,1.457,0.678,32.959,-53.284,-271.912
0.590,1.419,0.675,24.597,-43.884,-284.424
0.546,1.370,0.738,17.029,-33.875,-298.523
0.526,1.331,0.783,15.503,-24.658,-312.378
0.486,1.281,0.734,22.034,-19.409,-327.454
0.370,1.204,0.667,33.203,-18.433,-343.079
0.202,1.085,0.613,42.603,-16.602,-357.849
0.046,0.955,0.582,45.349,-10.193,-368.896
-0.079,0.788,0.601,41.077,-1.709,-374.329
-0.121,0.636,0.637,34.119,10.681,-369.812
-0.115,0.556,0.633,26.978,24.414,-356.995
-0.116,0.497,0.627,22.522,33.020,-342.590
-0.091,0.430,0.593,15.930,40.527,-329.407
-0.075,0.384,0.547,5.615,51.208,-316.528
-0.082,0.334,0.505,-3.113,61.584,-306.946
-0.091,0.258,0.462,-9.949,67.810,-299.927
-0.130,0.227,0.413,-16.479,72.815,-290.710
-0.201,0.214,0.356,-22.644,77.087,-281.677
-0.315,0.178,0.326,-27.039,74.890,-274.292
-0.439,0.125,0.340,-32.104,67.261,-266.479
-0.553,0.040,0.379,-38.940,60.242,-257.629
-0.661,-0.078,0.438,-46.082,51.575,-244.080
-0.689,-0.147,0.506,-49.744,37.903,-222.290
-0.561,-0.179,0.677,-48.706,16.724,-191.895
-0.464,-0.142,0.834,-40.710,-17.944,-160.889
-0.438,-0.119,0.960,-24.414,-50.781,-136.658
-0.491,-0.174,0.967,-11.169,-63.904,-118.958
-0.482,-0.246,0.906,-9.277,-49.561,-105.530
-0.442,-0.321,0.891,-17.029,-24.780,-93.445
-0.461,-0.389,0.914,-29.114,3.967,-79.346
-0.353,-0.425,0.907,-41.504,36.987,-66.467
-0.262,-0.449,0.871,-49.988,60.547,-50.537
-0.156,-0.430,0.766,-49.438,73.181,-35.583
-0.057,-0.450,0.655,-35.767,82.397,-27.649
0.003,-0.454,0.579,-20.935,83.191,-21.790
0.078,-0.448,0.522,-13.062,78.430,-14.648
0.276,-0.438,0.360,-10.925,71.838,-8.118
0.545,-0.239,-0.390,-6.042,-5.127,-22.034
0.469,-0.243,-0.336,-11.292,-6.775,-23.926
0.382,-0.273,-0.290,-13.733,-8.301,-25.391
0.279,-0.294,-0.259,-12.085,-10.071,-24.841
0.176,-0.307,-0.247,-8.240,-13.000,-21.729
0.084,-0.318,-0.243,-5.432,-17.456,-15.015
0.016,-0.325,-0.232,-5.615,-18.616,-5.310
-0.036,-0.316,-0.246,-8.240,-15.625,7.141
-0.065,-0.267,-0.266,-13.855,-9.583,21.362
-0.055,-0.201,-0.231,-22.217,-3.540,36.743
-0.046,-0.127,-0.164,-30.640,-0.427,52.124
-0.041,-0.052,-0.086,-33.691,-0.183,65.735
-0.041,-0.006,-0.055,-29.236,-2.197,75.745
-0.076,0.023,-0.079,-22.034,-7.263,83.984
-0.119,0.053,-0.102,-16.663,-13.794,92.529
-0.159,0.060,-0.106,-15.076,-18.921,101.318
-0.209,0.071,-0.092,-17.029,-21.057,110.657
-0.246,0.092,-0.054,-17.212,-22.217,120.117
-0.281,0.121,-0.016,-13.489,-24.292,130.676
-0.322,0.150,0.000,-7.935,-29.114,142.761
-0.366,0.190,0.009,-3.601,-36.133,156.677
-0.405,0.231,0.023,-0.183,-42.480,172.058
-0.448,0.286,0.067,3.967,-49.133,188.416
-0.484,0.371,0.140,9.338,-58.167,206.055
-0.481,0.460,0.205,17.700,-71.777,225.098
-0.465,0.537,0.234,27.588,-94.116,243.958
-0.441,0.619,0.258,37.170,-121.826,262.817
-0.404,0.733,0.311,46.265,-146.301,280.884
-0.335,0.883,0.419,52.673,-163.269,295.837
-0.222,1.035,0.556,54.688,-174.316,309.387
-0.081,1.156,0.694,53.284,-187.683,324.219
0.003,1.246,0.822,53.345,-201.538,338.623
0.086,1.363,0.942,53.833,-207.092,349.487
0.208,1.471,1.041,50.903,-200.195,354.370
0.359,1.579,1.110,44.128,-181.580,353.027
0.492,1.689,1.157,37.598,-156.311,345.947
0.648,1.788,1.193,32.043,-126.953,333.496
0.801,1.875,1.189,26.550,-94.604,318.237
0.970,1.996,1.144,20.935,-60.791,302.368
1.858,2.161,0.538,78.674,32.776,215.881
1.887,2.101,0.503,78.430,18.372,197.998
1.877,2.046,0.464,77.576,9.521,178.467
1.827,1.980,0.438,74.097,5.066,159.607
1.767,1.908,0.444,65.613,4.456,142.883
1.751,1.876,0.462,55.115,9.705,127.319
1.752,1.836,0.449,46.814,16.235,108.582
1.742,1.785,0.449,39.917,20.691,85.388
1.652,1.692,0.410,32.532,25.391,59.753
1.548,1.568,0.381,26.428,31.128,31.311
1.391,1.425,0.332,19.592,34.424,8.423
1.246,1.302,0.278,10.132,40.344,-4.395
1.139,1.196,0.258,0.732,45.471,-15.320
1.072,1.108,0.265,-7.080,46.570,-23.926
0.994,1.026,0.274,-12.634,42.175,-28.625
0.931,0.967,0.249,-16.174,37.109,-30.945
0.928,0.973,0.262,-20.447,33.569,-30.762
0.997,1.021,0.320,-30.334,32.288,-28.381
1.117,1.106,0.432,-42.786,32.532,-27.771
1.259,1.177,0.523,-54.443,35.950,-31.921
1.323,1.233,0.594,-63.843,40.955,-40.894
1.332,1.277,0.691,-69.519,44.678,-52.734
1.336,1.321,0.808,-74.280,48.401,-63.721
1.324,1.372,0.914,-77.332,53.040,-71.594
1.336,1.421,1.011,-76.843,57.007,-78.064
1.376,1.476,1.040,-74.890,59.753,-84.351
1.419,1.563,1.043,-71.106,61.157,-94.421
1.495,1.629,1.032,-66.162,61.218,-111.572
1.427,1.628,1.021,-60.364,58.960,-134.277
1.284,1.589,1.011,-53.833,54.199,-160.156
1.124,1.517,1.032,-46.265,45.288,-182.190
1.002,1.444,1.011,-40.222,36.316,-196.228
0.891,1.381,0.983,-34.607,30.151,-204.712
0.777,1.332,0.963,-27.039,27.283,-211.975
0.656,1.277,0.953,-18.921,24.353,-219.360
0.534,1.223,0.964,-10.559,20.874,-225.525
0.479,1.193,0.980,-2.441,20.996,-230.347
0.404,1.150,0.945,4.089,26.306,-237.061
0.298,1.083,0.922,11.169,33.691,-245.544
0.199,0.986,0.868,19.104,41.321,-253.540
0.091,0.884,0.794,26.428,47.791,-257.385
-0.022,0.814,0.724,30.518,56.335,-256.592
-0.115,0.726,0.654,30.212,69.397,-253.723
-0.192,0.624,0.580,26.733,85.999,-249.329
-0.260,0.503,0.502,22.766,103.394,-242.493
-0.294,0.405,0.425,18.250,118.042,-231.262
-0.294,0.352,0.332,13.855,126.953,-214.600
-0.266,0.324,0.240,10.986,123.108,-196.777
-0.217,0.280,0.186,9.521,106.323,-178.955
-0.139,0.307,0.142,6.958,86.060,-161.194
-0.054,0.342,0.121,3.357,70.496,-148.437
-0.033,0.333,0.123,0.916,59.143,-143.616
-0.073,0.273,0.152,2.075,47.180,-141.846
-0.088,0.169,0.172,4.639,33.630,-137.268
-0.078,0.069,0.152,6.836,21.301,-127.625
-0.101,0.002,0.134,10.437,13.672,-114.563
-0.116,-0.066,0.130,13.977,10.376,-100.952
-0.103,-0.113,0.116,14.832,10.803,-85.327
-0.056,-0.133,0.095,14.160,14.038,-67.444
-0.004,-0.134,0.091,14.221,15.991,-50.476
0.073,-0.123,0.070,13.184,16.541,-35.950
0.189,-0.100,0.054,9.827,16.968,-25.391
0.309,-0.094,0.065,4.822,20.142,-18.921
0.404,-0.108,0.066,0.549,26.428,-14.099
0.482,-0.106,0.057,-2.319,34.607,-9.827
0.554,-0.091,0.022,-4.700,43.579,-6.592
0.624,-0.084,0.001,-5.981,49.438,-4.089
0.669,-0.081,-0.044,-4.761,49.194,-2.075
0.703,-0.080,-0.080,-3.052,42.419,0.549
0.724,-0.071,-0.085,-1.892,31.921,2.930
0.749,-0.098,-0.075,-1.770,19.836,4.150
0.773,-0.125,-0.045,-2.136,9.888,6.165
0.808,-0.111,-0.017,-3.113,7.812,9.949
0.885,-0.085,-0.002,-6.165,11.597,12.573
0.953,-0.082,0.004,-9.033,13.916,13.123
0.988,-0.072,0.002,-10.010,13.672,12.512
1.001,-0.061,0.004,-10.620,14.038,11.230
1.019,-0.082,0.007,-11.414,14.282,8.667
1.028,-0.086,0.017,-13.184,14.404,7.263
1.026,-0.083,0.030,-13.489,15.930,6.897
0.534,-0.309,0.484,1.953,-0.977,12.512
0.480,-0.309,0.505,4.944,-3.418,14.404
0.416,-0.315,0.517,8.850,-6.042,17.151
0.346,-0.321,0.528,13.184,-9.155,20.630
0.270,-0.327,0.534,17.578,-12.085,25.269
0.207,-0.326,0.546,22.461,-14.526,31.067
0.157,-0.320,0.543,27.832,-17.883,37.842
0.097,-0.329,0.519,33.508,-22.034,45.715
0.053,-0.337,0.493,37.598,-23.621,54.016
0.036,-0.331,0.479,38.818,-22.278,63.110
0.016,-0.314,0.463,38.147,-19.409,71.899
-0.028,-0.301,0.447,37.903,-17.578,79.895
-0.076,-0.309,0.423,36.926,-17.395,87.585
-0.135,-0.317,0.396,32.227,-15.015,96.497
-0.179,-0.301,0.414,25.269,-7.996,107.178
-0.178,-0.249,0.429,20.386,-1.221,118.225
-0.185,-0.204,0.444,19.470,-2.563,129.211
-0.216,-0.175,0.456,21.362,-7.019,140.625
-0.243,-0.144,0.453,23.499,-8.240,152.039
-0.271,-0.111,0.445,24.414,-7.202,164.490
-0.298,-0.077,0.442,22.888,-5.310,178.223
-0.308,-0.026,0.456,19.653,-0.732,193.176
-0.291,0.063,0.464,16.724,4.150,208.252
-0.259,0.179,0.498,16.296,2.869,222.412
-0.208,0.274,0.520,17.578,-2.380,234.375
-0.177,0.349,0.534,16.479,-5.371,243.591
-0.133,0.414,0.575,13.672,-6.836,252.625
-0.079,0.479,0.642,9.705,-8.728,263.123
-0.008,0.574,0.738,5.859,-8.667,274.353
0.107,0.704,0.843,5.188,-5.676,283.875
0.275,0.809,0.931,6.897,-2.075,289.246
0.446,0.881,0.974,8.240,3.357,293.091
0.592,0.984,1.006,11.169,13.306,296.326
0.756,1.097,0.995,15.015,28.870,297.607
0.926,1.215,0.940,19.592,44.617,295.349
1.079,1.319,0.887,25.391,54.443,289.795
1.241,1.422,0.834,29.846,56.030,282.898
1.429,1.521,0.778,33.508,53.162,275.391
1.627,1.617,0.712,37.903,49.988,265.320
1.795,1.687,0.640,41.077,48.340,251.953
1.900,1.732,0.578,42.908,47.607,233.704
1.964,1.749,0.530,44.373,45.837,211.792
1.964,1.742,0.495,46.753,40.771,189.148
1.937,1.718,0.475,48.523,31.799,167.236
1.904,1.684,0.498,47.485,21.179,147.095
1.870,1.647,0.543,45.654,12.024,129.089
1.802,1.584,0.576,44.983,6.348,111.511
1.716,1.508,0.591,45.227,2.991,93.994
1.619,1.423,0.583,44.250,1.282,78.552
1.513,1.341,0.573,42.725,2.380,64.819
1.425,1.272,0.568,38.574,6.409,53.162
1.355,1.201,0.549,33.325,13.733,42.603
1.284,1.130,0.517,26.917,22.156,33.997
1.220,1.062,0.489,19.836,30.579,27.405
1.168,1.014,0.470,13.489,36.316,22.034
1.117,0.991,0.480,10.071,36.072,17.090
1.071,0.946,0.485,8.301,30.701,10.376
1.000,0.874,0.480,8.362,24.353,3.357
0.910,0.814,0.490,9.399,20.935,-1.465
0.866,0.766,0.497,9.155,20.081,-4.089
0.856,0.738,0.505,7.019,19.043,-4.761
0.879,0.744,0.525,4.700,19.104,-4.639
0.900,0.749,0.528,2.991,20.081,-6.165
0.894,0.743,0.536,1.160,22.339,-8.301
0.912,0.749,0.556,-3.357,26.123,-8.240
0.968,0.781,0.594,-12.085,32.898,-6.836
1.070,0.854,0.641,-20.569,42.542,-5.981
1.149,0.926,0.658,-26.428,52.673,-7.812
1.213,1.006,0.682,-28.625,60.669,-13.245
1.294,1.075,0.663,-29.053,66.040,-22.400
1.364,1.150,0.619,-27.832,67.139,-34.668
1.413,1.186,0.581,-26.428,64.087,-52.734
1.377,1.178,0.562,-25.085,60.242,-76.721
1.297,1.123,0.570,-24.841,56.946,-102.173
1.211,1.056,0.592,-26.184,58.044,-122.620
1.137,1.010,0.599,-25.146,62.866,-135.986
1.091,0.981,0.579,-21.301,64.209,-145.203
1.040,0.952,0.547,-14.038,62.073,-153.381
0.997,0.939,0.498,-5.005,59.082,-161.194
0.952,0.928,0.434,1.526,56.763,-169.250
0.885,0.907,0.388,3.662,55.054,-177.612
0.814,0.873,0.352,3.174,54.382,-186.646
0.737,0.848,0.345,2.991,54.565,-194.946
0.643,0.794,0.344,1.953,54.260,-202.759
0.530,0.715,0.356,0.488,51.819,-208.313
0.423,0.627,0.341,-0.610,49.927,-209.534
0.321,0.566,0.322,-1.526,51.025,-206.665
0.250,0.514,0.309,-3.418,53.650,-201.660
0.184,0.467,0.306,-7.324,54.871,-193.909
0.118,0.402,0.321,-9.949,51.270,-183.960
0.080,0.348,0.332,-11.597,45.837,-171.021
0.084,0.315,0.332,-11.963,42.847,-157.654
0.085,0.282,0.331,-10.681,42.542,-145.813
0.093,0.242,0.327,-9.399,44.067,-134.277
0.113,0.222,0.306,-7.568,46.570,-122.314
0.132,0.198,0.268,-4.272,46.326,-110.657
0.181,0.190,0.244,-1.709,43.396,-98.633
0.242,0.180,0.223,-0.183,39.063,-88.013
0.308,0.176,0.195,0.122,37.720,-79.407
0.390,0.188,0.159,0.000,39.673,-73.181
0.434,0.192,0.104,-0.183,43.030,-69.458
0.458,0.178,0.045,-0.671,44.495,-66.589
0.464,0.149,0.018,-1.648,40.894,-64.087
0.476,0.108,0.014,-3.845,34.546,-60.547
0.501,0.076,0.023,-4.761,26.550,-54.932
0.522,0.039,0.025,-2.502,18.066,-48.645
0.551,0.013,0.005,0.916,10.986,-41.565
0.583,-0.002,-0.028,3.601,7.202,-34.058
0.599,-0.004,-0.048,5.005,5.371,-27.283
0.605,-0.002,-0.057,4.822,4.211,-21.973
0.632,-0.009,-0.060,2.563,2.930,-18.311
0.676,0.020,-0.049,-1.709,2.991,-16.052
0.730,0.028,-0.024,-7.874,5.127,-17.090
0.737,-0.013,0.028,-12.268,7.202,-20.813
0.738,-0.050,0.043,-13.733,10.620,-22.156
0.740,-0.073,0.020,-13.672,14.832,-20.325
0.735,-0.080,-0.003,-13.916,18.982,-16.785
0.738,-0.085,-0.008,-15.564,20.325,-12.695
0.739,-0.086,0.012,-18.005,18.616,-8.179
0.712,-0.322,-0.074,42.664,52.429,-0.916
0.697,-0.302,-0.094,37.415,60.547,-5.859
0.672,-0.307,-0.112,31.372,65.247,-11.719
0.613,-0.334,-0.113,26.001,68.237,-17.944
0.552,-0.359,-0.125,20.691,71.716,-20.813
0.509,-0.378,-0.151,15.137,75.684,-21.118
0.468,-0.388,-0.180,9.155,78.735,-19.531
0.440,-0.390,-0.198,3.723,79.956,-17.212
0.429,-0.376,-0.224,-0.732,79.651,-14.709
0.413,-0.348,-0.249,-5.493,76.843,-12.634
0.400,-0.325,-0.249,-8.728,70.679,-11.597
0.367,-0.318,-0.240,-10.620,62.317,-10.803
0.359,-0.307,-0.244,-13.000,52.429,-10.193
0.274,-0.302,-0.219,-14.465,34.790,-9.521
0.185,-0.325,-0.168,-13.855,14.160,-10.010
0.084,-0.370,-0.115,-12.573,-9.277,-9.521
-0.036,-0.408,-0.057,-6.836,-33.630,-9.094
-0.166,-0.457,0.000,-0.366,-58.594,-6.714
-0.265,-0.509,0.085,1.038,-82.336,1.038
-0.375,-0.542,0.236,-1.099,-101.074,14.404
-0.522,-0.599,0.458,-4.639,-111.877,32.654
-0.639,-0.636,0.657,-10.986,-111.206,60.303
-0.706,-0.615,0.832,-15.747,-104.980,95.520
-0.726,-0.536,0.973,-14.404,-98.328,134.033
-0.722,-0.407,1.069,-5.981,-92.041,173.279
-0.668,-0.270,1.125,8.118,-86.609,207.397
-0.630,-0.171,1.143,25.574,-84.473,237.976
-0.615,-0.085,1.157,44.739,-86.548,267.456
-0.589,0.018,1.139,62.439,-91.858,296.997
-0.500,0.171,1.122,77.026,-97.656,324.829
-0.385,0.335,1.168,90.515,-101.990,350.220
-0.193,0.554,1.214,102.905,-100.647,368.225
0.044,0.746,1.203,114.929,-93.811,375.671
0.271,0.908,1.175,127.075,-83.008,374.084
0.510,1.056,1.151,135.437,-68.054,363.159
0.748,1.152,1.111,138.977,-53.528,344.177
0.966,1.229,1.052,140.137,-38.330,325.500
1.210,1.337,0.962,139.771,-21.790,312.134
1.451,1.509,0.830,134.888,-3.235,302.734
1.869,1.568,0.640,126.648,21.912,292.725
2.130,1.698,0.559,119.019,20.935,266.663
2.211,1.663,0.597,117.859,-10.864,223.877
2.203,1.589,0.628,121.887,-45.593,181.702
2.046,1.497,0.599,128.601,-67.505,154.785
2.030,1.404,0.491,136.475,-59.998,133.118
2.033,1.375,0.362,133.423,-48.828,120.239
2.033,1.381,0.237,118.225,-51.270,120.667
1.981,1.459,0.205,106.628,-47.363,114.868
1.998,1.478,0.199,97.290,-36.682,98.145
2.050,1.473,0.107,73.730,-18.250,80.872
2.011,1.421,0.083,57.434,1.465,62.927
1.965,1.388,0.081,47.852,20.264,44.800
1.949,1.353,0.046,37.231,31.982,29.480
1.881,1.313,0.000,28.198,33.936,18.677
1.780,1.270,-0.032,22.644,32.410,9.277
1.695,1.224,-0.047,20.020,30.151,-0.122
1.592,1.181,-0.031,17.517,25.757,-6.897
1.511,1.124,-0.007,14.282,18.616,-11.292
1.445,1.077,0.026,10.437,14.709,-14.160
1.404,1.056,0.044,4.944,15.869,-15.930
1.397,1.038,0.021,-2.991,21.057,-19.043
1.402,1.039,-0.000,-12.207,29.175,-22.888
1.429,1.073,-0.033,-21.179,38.635,-27.649
1.482,1.135,-0.064,-30.640,45.349,-35.217
1.549,1.200,-0.065,-39.001,46.326,-45.410
1.594,1.258,-0.078,-46.082,43.884,-58.044
1.601,1.299,-0.111,-51.086,40.283,-73.364
1.598,1.323,-0.148,-57.983,35.583,-90.210
1.589,1.346,-0.151,-66.467,28.748,-107.422
1.581,1.366,-0.128,-75.562,20.142,-124.756
1.558,1.380,-0.094,-86.670,11.780,-143.616
1.504,1.380,-0.049,-99.854,8.118,-163.330
1.434,1.370,0.003,-115.845,13.977,-182.861
1.373,1.362,0.005,-134.216,28.564,-201.904
1.333,1.367,0.011,-154.968,44.128,-220.886
1.274,1.362,0.062,-174.927,54.077,-242.920
1.169,1.342,0.181,-190.308,54.016,-267.639
1.037,1.304,0.339,-199.097,40.894,-294.678
0.861,1.255,0.491,-199.829,16.479,-320.923
0.673,1.185,0.633,-191.772,-12.146,-345.093
0.469,1.104,0.755,-176.208,-41.748,-366.943
0.270,1.005,0.869,-157.654,-68.848,-386.292
0.073,0.885,0.966,-140.747,-91.614,-402.039
-0.114,0.756,1.053,-128.418,-107.788,-412.415
-0.255,0.626,1.185,-119.751,-115.601,-417.053
-0.367,0.477,1.297,-112.610,-120.239,-412.659
-0.468,0.326,1.330,-104.126,-116.211,-403.137
-0.626,0.150,1.434,-91.675,-95.337,-390.198
-0.746,-0.090,1.479,-79.590,-67.871,-370.178
-0.809,-0.286,1.466,-68.359,-37.415,-344.238
-0.879,-0.458,1.411,-57.251,-7.751,-313.171
-0.901,-0.590,1.354,-46.143,16.602,-281.067
-0.919,-0.680,1.163,-44.617,35.889,-250.977
-0.933,-0.762,1.013,-49.683,45.898,-225.098
-0.627,-0.838,0.828,-59.204,43.274,-201.965
-0.388,-0.766,0.566,-68.176,24.292,-171.448
-0.336,-0.642,0.355,-50.537,21.912,-145.752
-0.348,-0.639,0.401,-14.832,38.330,-134.766
-0.298,-0.694,0.537,2.197,45.288,-132.141
-0.239,-0.745,0.574,-9.277,41.138,-122.620
-0.228,-0.794,0.557,-28.748,38.818,-102.966
-0.197,-0.825,0.520,-38.513,43.884,-84.534
-0.201,-0.859,0.523,-35.217,47.302,-66.772
-0.187,-0.882,0.542,-29.602,46.387,-47.485
-0.129,-0.891,0.547,-28.259,40.344,-26.001
-0.044,-0.877,0.513,-28.320,28.198,-7.446
0.038,-0.842,0.487,-23.071,11.047,4.028
0.088,-0.817,0.509,-9.827,-6.592,7.568
0.148,-0.778,0.523,0.610,-18.494,8.057
0.240,-0.754,0.540,2.686,-20.142,12.085
0.311,-0.722,0.563,0.305,-16.663,18.188
0.407,-0.663,0.574,-0.916,-13.123,19.043
0.491,-0.623,0.564,1.953,-10.559,14.099
0.539,-0.617,0.544,6.470,-6.592,8.606
0.545,-0.627,0.518,7.202,-1.160,5.920
0.536,-0.654,0.510,3.845,7.080,5.615
0.539,-0.683,0.510,-0.732,13.123,7.019
0.540,-0.712,0.494,-4.150,14.832,10.254
0.559,-0.714,0.477,-5.371,16.602,14.526
0.560,-0.481,0.136,42.664,1.587,-17.639
0.524,-0.480,0.121,40.894,2.136,-19.531
0.488,-0.470,0.109,39.185,-1.648,-22.949
0.457,-0.471,0.085,37.720,-8.972,-27.527
0.408,-0.480,0.065,37.109,-12.512,-31.128
0.341,-0.502,0.065,35.583,-11.902,-33.081
0.269,-0.528,0.082,32.776,-11.841,-35.156
0.202,-0.547,0.095,29.053,-13.000,-36.438
0.137,-0.569,0.113,25.696,-15.442,-37.598
0.068,-0.590,0.127,22.644,-19.958,-38.452
-0.017,-0.620,0.132,20.630,-24.597,-39.917
-0.123,-0.656,0.122,19.653,-27.466,-41.382
-0.264,-0.688,0.120,19.775,-28.992,-42.664
-0.398,-0.749,0.110,20.691,-29.663,-41.870
-0.562,-0.824,0.097,21.606,-25.818,-36.377
-0.734,-0.884,0.071,22.156,-25.208,-28.625
-0.882,-0.943,0.054,23.621,-32.654,-17.517
-1.008,-1.000,0.051,23.315,-48.279,-1.404
-1.152,-1.058,0.071,22.705,-70.251,20.203
-1.285,-1.104,0.104,23.193,-91.248,46.570
-1.394,-1.129,0.142,23.376,-109.497,77.942
-1.484,-1.106,0.178,24.597,-127.441,114.807
-1.534,-1.028,0.244,27.771,-146.362,156.128
-1.543,-0.899,0.298,28.748,-165.283,200.256
-1.500,-0.737,0.332,24.475,-179.932,245.178
-1.437,-0.530,0.365,19.043,-191.162,289.429
-1.375,-0.299,0.431,15.747,-201.233,330.994
-1.293,-0.056,0.533,13.855,-213.318,367.676
-1.195,0.187,0.700,13.428,-227.234,399.048
-1.038,0.447,0.905,14.343,-240.845,426.147
-0.840,0.710,1.104,15.137,-254.395,446.533
-0.641,0.974,1.352,13.794,-267.578,454.468
-0.257,1.207,1.555,5.615,-274.658,443.176
0.155,1.327,1.734,-0.244,-272.827,419.739
0.468,1.366,1.830,-1.465,-263.428,391.357
0.636,1.350,1.863,-2.136,-250.122,361.145
0.717,1.322,1.903,-0.427,-229.431,332.520
0.786,1.308,1.875,-1.038,-203.552,305.603
0.875,1.267,1.826,0.366,-183.472,282.227
0.947,1.283,1.805,3.357,-176.636,266.479
1.108,1.364,1.861,6.653,-179.626,254.272
1.499,1.481,1.934,9.277,-186.951,245.056
1.619,1.605,2.015,12.878,-207.886,239.624
1.767,1.620,2.157,21.545,-220.215,222.229
1.922,1.651,2.145,20.935,-218.323,197.998
1.975,1.667,2.028,16.235,-188.232,183.167
2.120,1.674,1.903,13.855,-131.714,158.997
2.134,1.642,1.682,6.104,-86.487,125.244
2.003,1.586,1.502,-7.996,-53.040,90.820
1.877,1.488,1.347,-23.499,-23.499,54.382
1.668,1.368,1.239,-36.072,1.160,22.339
1.460,1.257,1.147,-45.593,17.395,-0.671
1.276,1.165,1.075,-53.040,26.489,-14.587
1.155,1.098,1.015,-54.016,30.640,-22.888
1.069,1.035,0.957,-46.143,21.240,-28.015
0.993,0.965,0.872,-33.264,-3.357,-31.555
0.888,0.888,0.762,-20.203,-34.058,-33.875
0.782,0.846,0.643,-9.949,-60.913,-36.987
0.701,0.807,0.562,-4.517,-82.458,-41.809
0.662,0.803,0.553,-6.958,-97.839,-46.082
0.706,0.837,0.593,-17.029,-102.478,-49.194
0.792,0.890,0.599,-33.813,-92.651,-54.138
0.862,0.969,0.584,-54.565,-73.547,-62.256
0.943,1.049,0.633,-73.547,-52.307,-74.829
0.987,1.128,0.695,-92.407,-31.433,-88.562
0.997,1.176,0.764,-110.962,-14.771,-103.210
1.018,1.197,0.877,-125.488,-6.104,-119.019
1.036,1.213,0.999,-135.559,-3.418,-133.667
1.063,1.256,1.155,-140.198,-3.845,-146.606
1.146,1.348,1.379,-138.855,-2.930,-159.424
1.313,1.484,1.594,-132.751,12.695,-171.692
1.503,1.630,1.757,-124.207,41.260,-186.096
1.616,1.760,1.868,-112.183,68.359,-211.548
1.632,1.821,1.953,-96.252,92.712,-250.244
1.498,1.822,2.000,-81.055,113.220,-297.852
1.256,1.697,2.020,-71.106,122.803,-350.159
0.975,1.568,2.085,-64.941,126.221,-395.020
0.678,1.447,2.157,-56.030,128.113,-426.147
0.406,1.324,2.247,-45.471,118.958,-447.937
0.101,1.170,2.322,-32.166,94.849,-461.670
-0.230,0.978,2.379,-15.503,63.843,-467.834
-0.550,0.766,2.384,4.883,40.833,-465.149
-0.852,0.507,2.343,30.701,34.180,-455.688
-1.084,0.244,2.299,55.420,43.030,-437.073
-1.249,0.025,2.234,73.486,66.345,-407.104
-1.290,-0.118,2.096,86.426,102.356,-367.615
-1.259,-0.214,1.949,95.703,142.578,-322.571
-1.112,-0.195,1.771,99.060,169.495,-282.715
-0.947,-0.152,1.570,101.379,183.899,-249.695
-0.838,-0.138,1.340,105.164,188.293,-224.487
-0.758,-0.149,1.099,109.009,190.247,-205.444
-0.671,-0.157,0.854,108.887,191.711,-190.979
-0.588,-0.184,0.639,104.736,193.481,-178.467
-0.515,-0.221,0.472,96.863,192.810,-168.640
-0.476,-0.262,0.353,87.280,186.890,-160.522
-0.424,-0.305,0.243,77.209,178.833,-154.358
-0.356,-0.355,0.168,68.726,168.335,-149.597
-0.323,-0.423,0.126,63.110,152.466,-145.142
-0.324,-0.500,0.082,60.181,132.751,-138.794
-0.317,-0.577,0.024,58.472,113.953,-129.822
-0.296,-0.642,-0.017,58.105,98.755,-118.774
-0.269,-0.687,-0.059,58.289,85.205,-105.652
-0.233,-0.727,-0.095,58.167,71.045,-92.102
-0.200,-0.760,-0.109,57.495,57.495,-78.308
-0.156,-0.765,-0.120,55.664,47.668,-63.538
-0.100,-0.762,-0.129,53.711,39.917,-49.744
-0.043,-0.763,-0.133,52.124,31.250,-38.086
0.005,-0.764,-0.126,50.171,22.522,-27.161
0.060,-0.759,-0.120,48.340,15.808,-17.212
0.123,-0.746,-0.113,46.265,9.766,-8.545
0.184,-0.738,-0.109,43.640,4.700,-1.221
0.225,-0.725,-0.092,40.649,1.404,5.371
0.278,-0.708,-0.075,36.438,-0.427,11.841
0.356,-0.687,-0.061,30.518,-0.183,16.907
0.417,-0.666,-0.039,24.780,0.732,20.386
0.450,-0.660,-0.015,20.386,1.160,21.484
0.476,-0.666,-0.006,17.273,1.282,21.423
0.497,-0.667,0.007,14.465,-0.366,21.179
0.529,-0.665,0.034,12.451,-2.869,21.484
1.167,-0.144,-0.221,36.621,45.349,4.761
1.139,-0.153,-0.231,39.673,49.744,-2.686
1.095,-0.174,-0.274,37.964,48.706,-10.010
1.037,-0.183,-0.320,34.302,46.570,-15.747
0.986,-0.198,-0.346,31.128,47.546,-19.409
0.952,-0.202,-0.364,28.381,51.147,-22.583
0.927,-0.198,-0.380,27.466,50.842,-28.687
0.875,-0.210,-0.412,28.564,42.175,-32.837
0.804,-0.220,-0.436,30.457,31.555,-35.522
0.746,-0.241,-0.449,31.555,22.156,-38.635
0.683,-0.258,-0.450,32.227,12.573,-40.833
0.616,-0.272,-0.443,32.104,2.258,-41.504
0.563,-0.292,-0.431,31.250,-7.690,-41.809
0.500,-0.317,-0.418,30.762,-17.517,-42.053
0.421,-0.350,-0.397,31.250,-27.893,-42.114
0.326,-0.391,-0.369,32.227,-38.147,-40.894
0.235,-0.437,-0.341,32.837,-47.485,-38.086
0.131,-0.476,-0.311,32.898,-56.824,-32.654
0.013,-0.515,-0.279,32.654,-66.528,-24.841
-0.117,-0.561,-0.258,31.738,-75.439,-15.381
-0.248,-0.607,-0.231,30.457,-82.886,-4.639
-0.372,-0.667,-0.192,27.710,-88.501,11.108
-0.515,-0.735,-0.146,22.217,-93.262,32.959
-0.734,-0.772,-0.056,15.381,-96.802,61.829
-0.872,-0.817,-0.032,5.554,-96.802,93.994
-0.986,-0.833,0.023,-1.160,-96.069,130.920
-1.072,-0.775,0.096,-0.671,-97.107,178.650
-1.140,-0.622,0.178,1.404,-98.877,235.901
-1.146,-0.381,0.237,1.587,-102.539,296.448
-1.115,-0.074,0.308,1.160,-109.009,353.149
-1.004,0.254,0.382,2.014,-117.371,400.574
-0.829,0.562,0.479,5.371,-124.634,435.852
-0.628,0.845,0.561,11.963,-130.554,460.632
-0.406,1.165,0.698,20.386,-137.390,476.135
-0.023,1.486,0.815,29.114,-143.127,479.004
0.315,1.737,0.852,36.865,-147.644,470.642
0.521,1.897,0.849,39.795,-151.306,454.468
0.704,2.052,0.838,36.133,-145.630,432.800
0.945,2.213,0.807,29.114,-129.150,410.217
1.188,2.387,0.796,23.132,-109.375,387.146
1.391,2.488,0.803,18.005,-94.116,359.314
1.511,2.521,0.824,13.733,-84.839,326.111
1.630,2.553,0.821,15.808,-77.332,288.757
1.742,2.557,0.750,24.353,-71.350,251.282
1.781,2.546,0.652,34.363,-71.350,215.271
1.757,2.502,0.552,39.612,-75.195,178.589
1.675,2.433,0.494,39.063,-76.111,144.592
1.602,2.383,0.438,33.813,-69.519,116.455
1.552,2.353,0.388,25.696,-56.335,93.506
1.515,2.327,0.328,16.357,-41.443,73.853
1.488,2.312,0.272,5.676,-30.029,56.335
1.518,2.329,0.247,-4.578,-21.484,40.283
1.623,2.364,0.226,-11.047,-17.090,19.897
1.672,2.365,0.187,-10.376,-20.203,-8.240
1.645,2.313,0.123,-4.639,-29.602,-42.358
1.537,2.218,0.038,2.991,-41.260,-78.125
1.406,2.132,-0.047,10.315,-52.856,-111.633
1.290,2.045,-0.092,15.198,-63.110,-142.700
1.173,1.963,-0.138,13.733,-69.763,-170.288
1.061,1.886,-0.115,6.714,-70.862,-194.580
0.988,1.836,-0.064,-4.700,-66.956,-216.919
0.952,1.804,-0.011,-18.005,-58.838,-236.694
0.930,1.794,0.059,-30.212,-51.331,-256.531
0.902,1.762,0.136,-39.429,-46.814,-277.710
0.837,1.704,0.205,-43.823,-43.823,-299.988
0.769,1.614,0.249,-41.321,-43.335,-323.364
0.664,1.501,0.245,-34.668,-46.814,-344.177
0.508,1.366,0.219,-26.428,-51.331,-361.267
0.370,1.222,0.179,-20.630,-55.725,-375.305
0.258,1.062,0.164,-19.348,-59.204,-384.521
0.165,0.894,0.162,-22.156,-61.035,-388.184
0.056,0.747,0.206,-27.405,-60.425,-387.207
-0.021,0.614,0.264,-33.447,-57.495,-381.836
-0.092,0.488,0.308,-37.842,-53.284,-374.573
-0.151,0.366,0.353,-40.955,-50.049,-366.333
-0.211,0.272,0.408,-44.861,-47.913,-356.689
-0.287,0.178,0.500,-47.607,-48.340,-346.619
-0.374,0.065,0.616,-48.584,-47.729,-336.182
-0.437,-0.075,0.727,-48.706,-42.908,-324.951
-0.506,-0.214,0.834,-47.974,-32.776,-309.082
-0.594,-0.336,0.927,-47.119,-19.348,-287.354
-0.640,-0.453,1.004,-45.349,-5.493,-261.292
-0.634,-0.555,1.039,-41.992,3.479,-230.896
-0.594,-0.641,1.024,-35.278,6.348,-197.571
-0.551,-0.686,0.987,-27.527,8.972,-162.659
-0.487,-0.661,0.928,-22.522,15.259,-128.357
-0.339,-0.608,0.898,-19.714,17.883,-101.196
-0.140,-0.535,0.879,-14.038,10.071,-78.674
-0.045,-0.464,0.849,-3.784,-7.812,-59.998
0.003,-0.422,0.823,9.521,-26.917,-50.964
0.082,-0.429,0.785,18.250,-39.978,-47.302
0.180,-0.458,0.740,20.935,-48.218,-41.321
0.160,-0.484,0.733,20.447,-52.734,-31.433
0.185,-0.501,0.736,18.005,-46.570,-25.452
0.246,-0.507,0.723,13.916,-30.640,-20.447
0.297,-0.506,0.724,8.728,-14.893,-14.282
0.359,-0.490,0.703,3.906,-2.014,-7.202
0.424,-0.462,0.661,1.160,9.277,-0.549
0.499,-0.429,0.623,-0.427,16.724,4.944
0.565,-0.399,0.594,-1.709,20.081,9.705
0.629,-0.369,0.566,-2.991,23.254,13.367
0.675,-0.345,0.534,-3.845,26.367,14.221
0.718,-0.339,0.510,-4.150,27.649,13.306
0.790,-0.343,0.476,-4.761,26.611,12.817
0.840,-0.335,0.442,-2.136,21.484,11.658
0.861,-0.304,0.436,4.456,12.756,7.019
0.862,-0.312,0.453,9.949,4.944,0.610
0.852,-0.330,0.448,9.460,1.038,-2.686
0.854,-0.350,0.460,6.836,0.671,-3.540
0.855,-0.365,0.483,5.554,0.488,-2.930
0.854,-0.364,0.489,5.066,0.793,-0.671
0.866,-0.352,0.476,5.005,-0.122,1.770
0.877,-0.341,0.455,4.639,-3.540,3.784
0.869,-0.334,0.447,4.578,-6.104,4.700
0.852,-0.333,0.458,3.540,-6.531,4.761
0.827,-0.335,0.469,1.648,-6.653,5.371
0.817,-0.326,0.489,-0.305,-5.188,5.920
0.830,-0.299,0.513,-1.709,-3.601,5.493
0.850,-0.279,0.530,-1.770,-2.747,4.089
1.064,-0.172,0.297,51.147,81.726,-13.306
1.049,-0.166,0.179,48.096,89.539,-18.250
1.004,-0.171,0.073,46.448,90.210,-23.499
0.967,-0.184,-0.009,45.715,84.961,-28.076
0.917,-0.194,-0.080,42.847,78.247,-31.555
0.861,-0.204,-0.122,39.795,71.716,-34.546
0.801,-0.207,-0.161,36.560,65.857,-37.415
0.747,-0.212,-0.189,33.264,59.753,-40.466
0.686,-0.219,-0.196,30.090,50.720,-43.640
0.614,-0.243,-0.182,28.076,39.551,-46.509
0.526,-0.269,-0.179,27.588,30.762,-48.340
0.428,-0.303,-0.192,28.137,23.437,-50.049
0.318,-0.344,-0.202,31.067,15.442,-50.476
0.202,-0.384,-0.216,34.180,7.202,-48.157
0.078,-0.421,-0.245,36.072,-1.526,-43.213
-0.064,-0.450,-0.307,37.292,-12.573,-37.659
-0.221,-0.469,-0.365,37.170,-26.611,-31.677
-0.349,-0.490,-0.396,32.471,-40.466,-25.879
-0.484,-0.498,-0.390,23.499,-54.810,-18.005
-0.634,-0.500,-0.361,13.367,-69.031,-6.348
-0.770,-0.484,-0.283,3.113,-79.407,8.179
-0.909,-0.440,-0.151,-5.676,-90.088,26.978
-1.038,-0.374,-0.021,-12.085,-104.736,50.171
-1.155,-0.322,0.103,-13.000,-126.892,77.087
-1.211,-0.272,0.204,-10.681,-154.968,107.422
-1.219,-0.207,0.327,-7.690,-181.763,141.296
-1.229,-0.089,0.438,-4.272,-198.059,179.382
-1.201,0.039,0.506,-3.479,-201.294,217.102
-1.159,0.202,0.518,-7.812,-194.275,251.648
-1.129,0.401,0.502,-15.686,-180.847,282.471
-1.047,0.577,0.515,-22.400,-171.936,305.420
-0.904,0.716,0.534,-26.978,-173.340,320.862
-0.805,0.833,0.527,-29.236,-181.396,331.848
-0.753,0.931,0.561,-31.799,-192.566,341.370
-0.662,1.033,0.637,-38.940,-202.759,351.074
-0.566,1.177,0.756,-48.096,-210.815,364.136
-0.465,1.425,0.977,-56.641,-219.788,379.333
-0.226,1.724,1.335,-60.913,-232.056,391.174
0.072,1.973,1.690,-57.983,-245.789,396.912
0.285,2.142,1.970,-46.509,-261.292,394.348
0.481,2.200,2.147,-30.273,-273.743,383.789
0.638,2.196,2.230,-15.503,-278.259,367.554
0.737,2.187,2.267,-6.348,-269.043,346.558
0.834,2.202,2.277,-3.418,-242.798,321.533
1.002,2.257,2.310,-8.789,-204.956,297.607
1.206,2.343,2.385,-17.578,-164.124,276.611
1.448,2.428,2.444,-23.560,-127.502,255.981
1.662,2.514,2.451,-23.926,-96.680,234.619
1.831,2.604,2.389,-20.935,-70.679,212.891
2.023,2.710,2.303,-19.531,-45.288,192.444
2.243,2.876,2.225,-20.996,-19.653,172.546
2.499,3.065,2.128,-20.813,2.563,146.912
2.622,3.193,1.989,-16.418,16.602,110.046
2.562,3.276,1.890,-7.263,22.217,62.622
2.479,3.256,1.732,0.366,26.550,6.409
2.312,3.196,1.531,6.897,32.471,-51.941
2.126,3.148,1.296,10.742,41.138,-110.352
1.930,3.105,1.097,8.911,50.476,-168.518
1.661,3.064,0.997,2.991,55.603,-227.600
1.390,2.985,0.999,-5.249,58.533,-280.334
1.173,2.907,1.034,-15.015,63.171,-320.862
1.011,2.840,1.029,-21.912,71.228,-350.403
0.895,2.800,0.970,-23.499,80.139,-374.390
0.782,2.788,0.856,-23.254,87.646,-395.874
0.650,2.757,0.718,-23.621,90.881,-416.870
0.508,2.727,0.603,-26.917,90.210,-438.293
0.398,2.677,0.522,-33.569,88.135,-460.815
0.203,2.579,0.457,-37.598,83.008,-487.061
-0.112,2.426,0.427,-36.499,71.533,-514.709
-0.476,2.195,0.419,-36.011,54.565,-537.415
-0.754,1.887,0.401,-40.649,40.894,-550.476
-0.990,1.611,0.406,-52.246,36.499,-551.392
-1.214,1.349,0.405,-68.359,45.654,-543.701
-1.359,1.067,0.438,-89.966,66.833,-532.043
-1.596,0.856,0.532,-117.493,100.342,-512.695
-2.097,0.657,0.627,-140.930,140.015,-492.126
-1.897,0.377,0.722,-156.006,163.330,-481.628
-1.020,0.574,0.535,-155.823,69.031,-448.120
-1.733,0.667,0.567,-85.266,-74.036,-361.755
-2.027,0.646,0.714,-33.691,-81.360,-322.571
-1.934,0.418,0.832,-56.396,-86.243,-302.063
-1.778,0.198,1.210,-102.661,-81.360,-263.672
-1.621,0.096,1.681,-134.827,-48.828,-217.957
-1.384,0.065,1.966,-145.508,8.484,-180.969
-1.157,0.084,1.990,-133.850,64.331,-151.489
-0.957,0.051,1.826,-104.065,102.661,-130.737
-0.829,-0.008,1.531,-68.359,119.324,-116.882
-0.806,-0.050,1.288,-40.039,117.310,-102.234
-0.747,-0.140,1.039,-24.963,89.905,-89.661
-0.616,-0.215,0.948,-17.822,48.218,-74.646
-0.490,-0.310,0.940,-7.935,-1.465,-61.401
-0.375,-0.403,0.959,9.216,-52.612,-49.255
-0.275,-0.489,0.937,30.701,-102.417,-33.081
-0.254,-0.560,0.891,53.772,-145.081,-10.742
-0.261,-0.596,0.815,71.167,-176.025,14.465
-0.211,-0.582,0.796,76.294,-188.416,39.673
-0.138,-0.526,0.854,67.322,-180.542,64.819
-0.031,-0.425,1.026,52.124,-156.677,82.214
0.175,-0.283,1.283,42.358,-127.258,87.952
0.289,-0.187,1.509,41.565,-104.370,84.290
0.272,-0.248,1.700,50.293,-90.637,78.552
0.394,-0.250,1.792,66.284,-83.740,84.167
0.573,-0.164,1.803,87.646,-86.182,101.624
0.490,-0.107,1.622,102.234,-92.957,116.760
0.493,-0.068,1.259,102.783,-61.218,123.962
0.784,-0.095,1.006,84.167,8.850,108.643
0.966,-0.063,0.875,48.340,66.162,103.821
1.101,0.013,0.748,19.043,99.915,99.670
1.191,0.077,0.573,14.709,120.483,78.491
1.157,0.039,0.393,20.203,116.089,53.284
1.262,-0.028,0.306,22.400,94.788,35.461
1.212,-0.058,0.352,23.499,56.702,30.151
1.062,-0.105,0.365,31.189,14.465,24.902
0.932,-0.164,0.384,40.588,-7.385,14.465
0.890,-0.152,0.484,41.809,-15.930,9.766
0.402,-0.368,0.559,34.485,-13.123,16.968
0.405,-0.405,0.648,24.658,-4.822,4.578
0.397,-0.448,0.564,23.010,18.860,0.366
0.426,-0.422,0.563,11.353,43.274,6.470