aX,aY,aZ,gX,gY,gZ
0.318,-0.018,-0.427,-3.845,-8.911,-30.640
0.255,0.021,-0.344,-19.104,-14.038,-34.912
0.115,0.145,-0.430,-29.419,-26.245,-43.274
0.105,0.496,-0.418,-31.311,-11.230,-49.500
0.028,0.421,-0.362,-16.907,4.028,-37.720
-0.066,0.159,-0.411,-4.578,9.155,-14.954
-0.049,0.275,-0.456,-2.563,29.907,-10.559
-0.068,0.004,-0.561,-1.404,40.649,-6.042
-0.085,0.145,-0.680,-14.343,54.382,-8.484
0.029,0.466,-0.505,-42.908,94.727,-28.931
-0.110,0.453,-0.471,-76.111,110.901,-37.354
-0.081,0.441,-0.452,-90.942,110.046,-30.884
-0.102,0.504,-0.406,-94.849,104.004,-17.639
-0.150,0.589,-0.383,-95.520,92.834,0.183
-0.179,0.625,-0.367,-98.022,78.491,22.095
-0.203,0.657,-0.357,-99.426,58.289,44.861
-0.251,0.721,-0.315,-99.609,28.564,67.322
-0.373,0.803,-0.305,-101.074,-5.676,88.257
-0.390,0.825,-0.296,-107.178,-37.720,107.910
-0.458,0.879,-0.295,-114.258,-58.044,122.131
-0.511,0.902,-0.248,-120.667,-68.604,130.127
-0.583,0.934,-0.201,-129.089,-71.655,132.141
-0.639,1.008,-0.177,-137.329,-66.895,132.751
-0.691,1.089,-0.113,-143.311,-57.129,137.024
-0.665,1.125,-0.023,-148.315,-48.340,146.179
-0.621,1.133,0.002,-154.053,-45.715,158.142
-0.542,1.130,0.011,-158.813,-49.072,172.668
-0.500,1.159,0.089,-167.969,-63.110,186.279
-0.509,1.193,0.139,-177.307,-89.355,196.899
-0.458,1.198,0.170,-186.157,-113.464,205.811
-0.355,1.176,0.178,-195.374,-128.296,214.050
-0.501,1.098,0.315,-201.538,-154.907,224.854
-0.446,1.178,0.400,-201.416,-175.110,230.713
-0.475,1.229,0.538,-196.838,-199.585,237.549
-0.380,1.263,0.644,-195.740,-212.341,242.920
-0.298,1.329,0.814,-194.824,-215.820,250.366
-0.166,1.430,1.081,-193.665,-215.332,255.554
0.053,1.506,1.372,-195.190,-212.463,261.108
0.190,1.588,1.699,-197.388,-212.341,270.691
0.652,1.892,2.117,-201.416,-217.529,277.100
0.990,2.057,2.573,-203.918,-243.469,281.494
1.377,2.162,2.991,-196.594,-267.944,272.644
1.626,2.150,3.308,-173.279,-301.514,253.052
1.857,2.126,3.531,-137.024,-326.538,221.130
2.070,2.106,3.646,-90.393,-335.327,178.162
2.005,2.111,3.644,-44.617,-326.538,130.798
1.969,2.120,3.658,-10.925,-300.964,75.562
1.786,2.174,3.682,16.724,-284.058,14.954
1.549,2.208,3.696,38.818,-257.019,-39.307
1.359,2.221,3.670,60.547,-223.450,-83.557
1.199,2.178,3.592,81.116,-187.378,-115.479
1.081,2.095,3.482,98.145,-150.208,-137.634
1.001,1.994,3.314,112.549,-111.511,-154.663
0.953,1.854,3.111,125.977,-69.946,-170.654
0.887,1.701,2.894,138.184,-33.630,-189.270
0.805,1.556,2.676,148.682,-3.906,-208.313
0.715,1.433,2.461,158.813,19.592,-227.112
0.619,1.340,2.264,169.922,40.039,-245.667
0.521,1.268,2.098,181.213,59.265,-262.085
0.427,1.185,1.952,191.223,76.233,-275.391
0.285,1.125,1.819,201.233,87.708,-284.973
0.201,1.019,1.720,210.815,97.778,-290.161
0.114,0.921,1.633,220.032,104.187,-290.161
0.066,0.831,1.557,232.239,107.605,-286.316
0.025,0.734,1.482,246.216,107.117,-279.724
-0.009,0.642,1.382,260.254,100.403,-272.583
-0.038,0.563,1.269,273.315,86.609,-263.977
-0.093,0.474,1.104,285.767,69.275,-256.165
-0.047,0.367,0.927,295.532,51.086,-246.826
-0.115,0.254,0.782,300.781,29.297,-231.812
-0.076,0.157,0.591,303.040,11.230,-214.844
-0.078,0.028,0.423,303.589,-3.418,-199.219
-0.065,-0.066,0.218,300.415,-13.672,-186.096
-0.030,-0.159,0.050,293.274,-11.108,-177.856
-0.006,-0.259,-0.093,283.325,-4.639,-172.913
0.003,-0.355,-0.241,272.217,7.507,-173.096
0.020,-0.414,-0.383,263.306,27.771,-179.077
-0.007,-0.480,-0.492,252.197,48.889,-188.538
-0.060,-0.513,-0.574,238.220,79.834,-201.904
-0.091,-0.562,-0.615,224.731,113.464,-217.346
-0.128,-0.542,-0.645,209.412,135.010,-234.436
-0.278,-0.499,-0.640,192.688,144.348,-249.939
-0.403,-0.437,-0.635,176.025,146.484,-259.460
-0.526,-0.369,-0.630,160.156,138.245,-262.695
-0.642,-0.290,-0.649,145.935,119.751,-259.399
-0.749,-0.234,-0.653,130.066,95.337,-250.427
-0.878,-0.155,-0.683,110.291,70.313,-238.586
-1.026,-0.134,-0.677,87.341,49.744,-228.027
-1.182,-0.030,-0.571,71.350,19.104,-217.346
-1.415,0.096,-0.576,60.547,-34.790,-198.181
-1.632,0.203,-0.588,45.593,-99.426,-177.124
-1.905,0.305,-0.687,28.931,-174.011,-153.198
-2.168,0.410,-0.822,11.108,-235.291,-124.817
-2.438,0.532,-0.923,-13.428,-273.560,-91.431
-2.654,0.677,-0.993,-49.866,-283.020,-52.551
-2.882,0.822,-0.998,-93.201,-257.385,-7.568
-2.989,1.085,-0.846,-136.597,-200.562,48.157
-2.909,1.417,-0.591,-175.232,-129.700,114.746
-2.714,1.692,-0.341,-208.862,-70.313,183.899
-2.461,1.913,-0.124,-234.985,-33.630,244.080
-2.250,2.126,0.082,-249.878,-29.175,292.175
-2.075,2.329,0.268,-255.737,-51.697,331.482
-1.876,2.442,0.373,-256.592,-89.294,364.502
-1.676,2.525,0.355,-258.972,-131.165,392.151
-1.502,2.603,0.312,-266.846,-160.583,412.659
-1.294,2.675,0.480,-278.870,-167.175,425.903
-0.987,2.787,0.838,-288.696,-160.461,435.669
-0.609,2.896,1.144,-299.500,-156.616,444.031
-0.272,2.921,1.506,-316.650,-153.748,452.759
0.102,2.814,1.909,-331.482,-133.545,459.839
0.425,2.671,2.307,-327.637,-109.314,457.397
0.756,2.459,2.610,-299.683,-101.685,441.406
1.018,2.234,2.706,-264.832,-115.295,413.513
1.120,2.070,2.833,-228.943,-130.188,376.404
1.172,1.902,2.979,-201.172,-126.404,337.280
1.189,1.768,3.036,-176.453,-117.676,302.612
1.213,1.613,2.976,-147.034,-105.286,274.048
1.208,1.413,2.779,-118.164,-96.558,247.559
1.140,1.206,2.542,-95.581,-98.145,220.520
0.511,-0.891,0.427,15.808,58.105,-39.612
0.511,-0.904,0.425,16.907,54.688,-40.405
0.500,-0.920,0.407,17.822,46.997,-40.222
0.485,-0.935,0.376,17.822,38.025,-39.551
0.464,-0.954,0.345,17.395,30.090,-39.490
0.438,-0.965,0.327,15.564,23.804,-39.490
0.421,-0.962,0.304,13.123,19.958,-39.124
0.405,-0.955,0.299,11.292,19.775,-38.452
0.395,-0.942,0.299,10.010,23.621,-37.292
0.393,-0.930,0.302,9.827,27.771,-36.377
0.389,-0.923,0.297,9.705,30.518,-36.987
0.383,-0.922,0.284,9.827,32.043,-39.063
0.364,-0.925,0.263,10.315,33.447,-41.870
0.343,-0.919,0.228,10.803,35.950,-43.335
0.323,-0.917,0.181,11.414,40.466,-42.725
0.318,-0.926,0.141,12.207,46.692,-40.222
0.332,-0.929,0.099,11.902,52.124,-36.072
0.353,-0.922,0.060,9.766,53.528,-32.227
0.360,-0.913,0.036,6.348,48.950,-29.785
0.352,-0.900,0.007,2.686,39.063,-27.832
0.325,-0.878,-0.024,-0.549,25.818,-26.978
0.279,-0.856,-0.063,-1.892,10.864,-28.748
0.197,-0.827,-0.117,-0.854,-3.723,-32.898
0.125,-0.776,-0.189,3.235,-10.437,-38.757
0.049,-0.724,-0.267,10.254,-9.949,-47.791
-0.041,-0.684,-0.357,18.799,-4.700,-60.852
-0.149,-0.616,-0.458,29.297,8.484,-79.285
-0.269,-0.556,-0.560,39.917,27.344,-100.708
-0.392,-0.501,-0.649,46.143,44.250,-121.399
-0.524,-0.443,-0.706,46.204,55.786,-140.503
-0.665,-0.397,-0.738,38.452,62.012,-154.968
-0.834,-0.387,-0.736,26.001,61.890,-162.231
-1.031,-0.358,-0.720,11.108,55.847,-160.828
-1.241,-0.293,-0.721,-4.456,43.945,-149.597
-1.445,-0.173,-0.731,-22.339,27.832,-127.747
-1.596,-0.087,-0.738,-43.884,10.498,-97.168
-1.724,0.031,-0.785,-65.613,-12.207,-63.049
-1.834,0.225,-0.854,-84.534,-41.504,-32.715
-2.028,0.468,-0.928,-102.844,-78.796,-12.573
-2.343,0.760,-0.974,-126.526,-116.699,-1.709
-2.722,1.044,-0.929,-157.227,-145.325,6.836
-3.069,1.389,-0.770,-196.228,-168.457,23.499
-3.409,1.840,-0.537,-243.713,-192.810,55.481
-3.693,2.353,-0.243,-293.152,-214.783,103.516
-3.847,2.873,0.173,-338.318,-227.112,171.326
-3.695,3.407,0.614,-374.695,-227.295,260.803
-3.240,3.767,0.997,-399.841,-212.769,364.441
-2.602,3.959,1.371,-410.217,-185.425,460.327
-1.831,4.000,1.736,-409.119,-147.644,523.071
-1.018,4.000,2.188,-410.156,-111.633,547.546
-0.273,3.904,2.726,-417.480,-96.069,546.387
0.359,3.779,3.342,-427.185,-100.403,539.612
0.957,3.698,4.000,-436.035,-100.708,542.786
1.564,3.452,4.000,-428.467,-88.501,549.377
2.172,3.059,4.000,-378.784,-75.317,538.269
2.571,2.689,4.000,-298.157,-77.087,501.770
2.806,2.456,4.000,-226.013,-82.275,446.472
2.732,2.037,4.000,-182.739,-93.079,400.818
3.817,1.844,4.000,-154.175,-58.472,360.352
3.629,1.488,4.000,-103.760,12.878,309.998
3.845,1.205,4.000,-53.894,23.315,274.109
3.835,0.907,3.915,-18.799,161.011,213.623
3.908,0.800,3.996,13.733,268.188,156.189
3.818,0.730,3.962,47.546,233.582,159.424
3.789,0.706,3.629,75.500,143.005,136.902
3.364,0.589,3.118,85.510,73.364,100.159
3.032,0.334,2.919,90.881,63.416,67.261
2.718,0.307,2.697,110.229,82.458,28.503
2.315,0.269,2.351,137.085,110.229,-9.949
1.887,0.151,1.955,161.438,151.978,-51.880
1.415,0.131,1.645,179.260,196.411,-94.604
1.000,0.099,1.450,186.279,238.953,-127.014
0.685,0.066,1.299,183.472,268.127,-144.348
0.519,0.021,1.177,174.805,289.001,-149.109
0.474,-0.055,1.119,162.109,308.594,-145.081
0.457,-0.099,1.064,150.146,317.078,-138.611
0.488,-0.116,0.974,142.456,315.857,-131.653
0.545,-0.103,0.858,137.756,307.495,-125.061
0.620,-0.057,0.744,132.080,295.471,-122.864
0.640,-0.037,0.639,124.512,280.823,-126.526
0.601,0.018,0.529,117.615,260.498,-132.019
0.523,0.088,0.396,113.525,234.680,-137.695
0.421,0.133,0.269,108.765,209.290,-141.113
0.302,0.208,0.140,102.417,188.293,-140.869
0.169,0.307,0.032,97.595,172.363,-137.451
0.053,0.371,-0.069,92.834,163.391,-130.920
-0.009,0.421,-0.135,86.548,161.560,-121.948
-0.088,0.489,-0.201,79.468,164.062,-111.450
-0.104,0.502,-0.260,68.726,172.119,-98.450
-0.088,0.514,-0.311,51.880,174.866,-84.412
-0.077,0.521,-0.365,32.898,173.157,-70.374
-0.027,0.550,-0.386,15.015,173.157,-57.739
-0.041,0.571,-0.337,-2.319,168.884,-45.288
-0.018,0.579,-0.283,-18.555,155.151,-36.133
-0.001,0.628,-0.249,-34.424,132.263,-33.997
-0.039,0.657,-0.205,-48.218,105.835,-34.119
-0.106,0.684,-0.181,-60.242,78.125,-37.720
-0.165,0.737,-0.165,-70.313,53.955,-44.739
-0.223,0.824,-0.172,-78.003,32.288,-51.697
-0.313,0.907,-0.205,-85.144,13.733,-55.969
-0.382,0.959,-0.229,-92.590,5.066,-55.115
-0.446,0.962,-0.248,-98.572,3.479,-48.462
-0.496,0.937,-0.299,-100.403,6.348,-35.156
-0.525,0.896,-0.378,-98.511,13.306,-16.357
-0.549,0.883,-0.464,-98.022,23.804,3.723
-0.563,0.892,-0.503,-103.149,38.208,22.888
-0.588,0.950,-0.493,-113.159,52.673,39.734
-0.591,1.015,-0.451,-123.779,62.683,55.847
-0.570,1.085,-0.444,-132.996,62.805,73.975
-0.558,1.140,-0.460,-145.081,51.514,91.614
-0.559,1.205,-0.468,-159.912,33.630,108.093
-0.596,1.270,-0.451,-173.889,13.733,125.854
-0.655,1.339,-0.416,-186.096,-6.226,148.743
-0.671,1.435,-0.372,-197.205,-22.156,178.101
-0.592,1.553,-0.345,-208.740,-33.936,212.708
-0.514,1.652,-0.352,-228.027,-48.462,246.704
-0.499,1.731,-0.297,-254.578,-63.416,276.978
-0.421,1.840,-0.175,-280.518,-78.369,303.467
-0.343,1.912,-0.040,-301.636,-91.125,327.576
0.221,0.550,0.723,-4.761,-3.113,-1.343
0.211,0.552,0.727,-5.615,-2.563,-2.625
0.193,0.565,0.742,-5.798,-1.526,-3.296
0.192,0.570,0.763,-5.249,-0.305,-3.235
0.193,0.577,0.772,-4.700,-0.549,-3.052
0.185,0.586,0.770,-3.845,-2.808,-2.563
0.175,0.592,0.757,-3.418,-4.822,-1.892
0.166,0.592,0.744,-3.906,-5.493,-0.610
0.170,0.594,0.747,-4.395,-4.944,1.465
0.181,0.594,0.752,-5.005,-4.272,3.479
0.194,0.591,0.756,-5.981,-4.333,5.310
0.210,0.592,0.762,-6.470,-4.822,5.981
0.220,0.591,0.766,-6.592,-5.310,5.554
0.232,0.588,0.770,-6.958,-5.127,4.211
0.234,0.589,0.779,-6.897,-4.211,1.953
0.235,0.593,0.787,-5.981,-2.686,-1.099
0.228,0.597,0.787,-5.005,-0.977,-3.357
0.222,0.599,0.782,-4.333,-0.305,-4.761
0.213,0.603,0.774,-3.967,-0.427,-5.676
0.207,0.607,0.772,-3.906,-0.183,-5.615
0.203,0.613,0.781,-4.150,0.244,-4.700
0.203,0.615,0.790,-4.578,-0.488,-3.418
0.197,0.614,0.801,-5.066,-2.075,-2.014
0.190,0.612,0.814,-5.066,-2.869,-0.305
0.185,0.609,0.830,-4.395,-2.136,1.404
0.179,0.603,0.863,-3.296,-0.427,3.052
0.176,0.603,0.905,-1.526,1.343,4.822
0.162,0.605,0.951,0.183,2.563,6.653
0.142,0.603,1.001,1.953,4.761,9.277
0.123,0.620,1.088,3.967,8.240,11.841
0.100,0.639,1.181,3.723,14.587,15.930
0.099,0.666,1.290,4.272,23.376,20.142
0.118,0.695,1.435,6.653,36.743,24.048
0.129,0.736,1.599,9.521,53.772,28.625
0.168,0.779,1.793,13.428,73.303,32.654
0.214,0.837,1.989,19.165,94.727,37.170
0.279,0.888,2.172,26.550,114.685,41.321
0.300,0.943,2.357,36.072,134.399,43.823
0.333,0.999,2.508,49.133,154.480,44.922
0.386,1.024,2.609,64.026,172.241,45.959
0.429,1.048,2.664,80.688,179.993,47.424
0.481,1.024,2.690,97.656,177.551,48.340
0.529,0.952,2.643,114.441,173.279,48.950
0.552,0.864,2.549,130.737,171.936,47.791
0.569,0.758,2.424,144.714,179.687,43.030
0.576,0.653,2.286,153.748,200.134,34.363
0.582,0.592,2.158,160.339,229.553,21.118
0.611,0.574,2.039,166.321,264.099,3.235
0.653,0.586,1.926,171.448,300.476,-17.639
0.682,0.607,1.817,176.147,334.351,-40.466
0.683,0.572,1.719,180.908,362.244,-63.354
0.660,0.511,1.641,187.378,380.066,-83.252
0.638,0.502,1.526,199.890,386.719,-97.900
0.589,0.508,1.406,219.543,381.714,-108.093
0.566,0.525,1.218,240.051,364.990,-113.831
0.526,0.534,0.981,259.338,331.848,-114.929
0.510,0.549,0.684,275.269,285.217,-116.577
0.503,0.529,0.407,283.936,235.718,-118.408
0.497,0.434,0.125,281.799,192.444,-118.469
0.475,0.278,-0.152,271.484,158.020,-119.324
0.427,0.133,-0.387,255.615,134.949,-123.413
0.335,0.012,-0.551,236.755,125.000,-129.089
0.245,-0.003,-0.651,217.407,129.517,-136.108
0.155,0.055,-0.683,200.134,145.203,-143.738
0.089,0.118,-0.683,183.289,164.612,-147.461
0.044,0.200,-0.662,167.725,178.955,-145.813
-0.000,0.291,-0.625,154.480,185.486,-140.076
-0.028,0.349,-0.579,142.700,184.692,-130.920
-0.056,0.405,-0.541,131.165,174.133,-119.568
-0.102,0.475,-0.516,119.568,151.794,-108.826
-0.165,0.559,-0.508,108.154,118.164,-101.074
-0.230,0.665,-0.526,98.145,75.623,-96.436
-0.301,0.818,-0.606,91.064,26.306,-96.130
-0.382,0.945,-0.725,82.642,-26.428,-103.455
-0.453,1.068,-0.860,64.758,-83.069,-118.774
-0.568,1.214,-1.004,36.011,-138.550,-134.338
-0.791,1.297,-1.214,2.319,-182.739,-140.625
-1.117,1.377,-1.357,-29.846,-196.899,-129.761
-1.327,1.457,-1.384,-63.660,-165.344,-101.318
-1.392,1.562,-1.298,-98.572,-93.811,-54.443
-1.257,1.630,-1.142,-128.174,-6.470,3.113
-1.031,1.617,-0.959,-149.109,69.824,56.519
-0.842,1.606,-0.786,-162.048,117.188,94.055
-0.714,1.616,-0.619,-170.166,133.301,115.479
-0.678,1.652,-0.454,-177.246,120.544,123.901
-0.718,1.720,-0.272,-186.035,85.083,126.099
-0.811,1.805,-0.120,-195.496,27.527,130.371
-0.907,1.885,-0.053,-204.224,-39.612,139.954
-1.015,1.936,-0.069,-211.609,-99.243,157.898
-1.095,2.016,-0.060,-217.651,-139.282,187.805
-1.072,2.114,0.055,-225.098,-157.166,227.661
-0.945,2.187,0.304,-233.032,-158.691,270.508
-0.704,2.221,0.670,-232.361,-158.142,308.777
-0.404,2.247,1.034,-224.487,-173.340,334.961
-0.176,2.205,1.264,-219.849,-230.225,349.609
-0.149,2.088,1.220,-223.022,-330.688,361.023
-0.195,1.994,0.953,-232.422,-421.936,372.253
-0.194,1.987,0.666,-252.869,-446.777,380.005
-0.038,2.186,0.596,-283.630,-390.930,377.991
0.293,2.443,0.780,-319.580,-280.334,361.694
0.831,2.703,1.258,-355.103,-166.870,331.299
1.370,2.974,1.906,-377.686,-106.934,291.321
1.762,3.190,2.548,-377.991,-105.652,252.869
2.155,3.190,3.161,-349.304,-112.793,228.333
2.613,3.102,3.590,-294.739,-115.723,220.154
2.909,3.019,3.843,-225.464,-160.767,214.417
2.998,3.009,3.859,-154.419,-255.188,196.533
2.924,3.031,3.673,-87.097,-341.003,164.185
2.857,3.047,3.307,-30.151,-365.112,119.629
2.641,3.038,2.918,4.822,-339.233,57.434
2.320,3.011,2.648,16.663,-292.725,-19.836
1.958,2.995,2.551,14.648,-235.657,-102.600
1.635,3.002,2.647,10.132,-171.082,-176.697
1.371,2.966,2.769,12.634,-116.455,-233.154
1.168,2.823,2.836,24.109,-79.834,-269.348
1.025,2.604,2.807,45.288,-59.814,-288.208
0.884,2.366,2.719,74.768,-52.917,-296.936
0.763,2.058,2.427,102.417,-51.208,-303.467
0.662,1.796,2.138,128.418,-47.852,-307.556
0.294,-0.399,-0.182,116.760,181.763,-43.030
0.311,-0.376,-0.326,108.459,189.758,-50.720
0.341,-0.348,-0.416,98.450,200.684,-56.335
0.351,-0.289,-0.464,89.661,207.947,-59.937
0.333,-0.213,-0.473,82.947,209.839,-59.937
0.321,-0.105,-0.464,77.942,204.834,-56.702
0.295,0.028,-0.445,73.975,192.200,-51.758
0.318,0.163,-0.406,69.763,173.218,-45.898
0.252,0.331,-0.418,65.002,144.470,-39.246
0.224,0.474,-0.449,55.359,119.263,-33.569
0.201,0.566,-0.494,39.795,94.666,-29.663
0.187,0.649,-0.562,17.456,68.420,-30.151
0.166,0.714,-0.600,-11.047,46.753,-36.560
0.123,0.784,-0.585,-42.236,35.828,-47.363
0.061,0.865,-0.552,-70.313,31.616,-57.800
-0.007,0.937,-0.502,-90.027,32.227,-62.927
-0.056,0.991,-0.464,-102.661,37.109,-63.049
-0.091,1.026,-0.420,-111.633,44.922,-60.913
-0.111,1.066,-0.389,-118.103,52.124,-57.007
-0.120,1.108,-0.361,-123.596,57.434,-50.720
-0.115,1.163,-0.327,-131.226,58.533,-44.006
-0.144,1.218,-0.283,-143.372,54.443,-38.940
-0.182,1.250,-0.221,-159.302,46.143,-35.339
-0.204,1.289,-0.160,-174.011,32.837,-30.640
-0.229,1.307,-0.130,-187.744,13.611,-23.499
-0.281,1.285,-0.111,-202.332,-8.606,-14.771
-0.344,1.279,-0.080,-212.524,-27.466,-2.563
-0.372,1.269,-0.060,-217.041,-42.969,15.808
-0.351,1.260,-0.087,-221.619,-60.181,37.048
-0.322,1.223,-0.147,-233.337,-82.336,55.908
-0.384,1.245,-0.109,-254.211,-109.375,66.528
-0.370,1.206,0.085,-276.001,-143.921,69.702
-0.573,1.214,0.179,-287.659,-207.764,68.298
-0.797,1.197,0.101,-285.950,-266.113,64.148
-0.919,1.167,-0.082,-277.161,-290.894,59.082
-1.047,1.360,-0.179,-273.682,-284.424,57.983
-1.030,1.558,0.050,-283.813,-246.460,61.340
-0.867,1.673,0.468,-310.425,-205.811,67.444
-0.706,1.810,1.053,-342.468,-194.580,82.581
-0.516,1.870,1.737,-371.399,-213.928,106.567
-0.293,1.822,2.379,-394.897,-255.798,134.766
-0.085,1.725,3.024,-407.104,-311.462,159.363
0.166,1.722,3.602,-400.146,-364.319,167.175
0.342,1.737,4.000,-370.972,-398.926,148.682
0.380,1.713,4.000,-322.998,-397.034,105.408
0.610,1.735,4.000,-265.930,-340.271,43.396
0.525,1.720,4.000,-207.581,-261.719,-20.142
0.521,1.754,4.000,-157.837,-192.932,-83.679
0.555,1.850,4.000,-113.098,-145.081,-129.089
0.535,1.841,4.000,-69.580,-108.337,-152.893
0.564,1.822,4.000,-20.508,-96.924,-162.537
0.602,1.785,4.000,31.372,-97.900,-171.326
0.582,1.752,4.000,81.238,-106.140,-183.411
0.377,1.688,4.000,124.207,-112.488,-193.604
0.136,1.628,4.000,162.354,-100.830,-200.989
-0.055,1.557,3.543,198.242,-71.777,-206.604
-0.218,1.491,3.059,228.149,-34.546,-211.182
-0.330,1.409,2.667,251.526,4.517,-214.722
-0.395,1.300,2.311,270.142,42.786,-216.492
-0.460,1.140,1.991,285.034,78.064,-216.553
-0.508,0.964,1.696,297.852,103.149,-217.468
-0.538,0.772,1.417,309.265,115.234,-218.567
-0.593,0.572,1.179,318.176,116.699,-217.346
-0.652,0.410,0.964,324.524,107.300,-213.074
-0.684,0.304,0.749,326.782,91.797,-205.688
-0.717,0.219,0.539,321.655,78.186,-195.129
-0.746,0.119,0.345,309.631,73.059,-181.458
-0.706,0.012,0.189,296.143,81.421,-165.039
-0.619,-0.082,0.073,281.921,100.525,-148.865
-0.535,-0.165,-0.010,267.273,123.230,-136.230
-0.448,-0.218,-0.076,253.235,145.142,-129.456
-0.407,-0.270,-0.073,240.601,162.537,-125.671
-0.359,-0.273,-0.028,229.004,162.781,-123.413
-0.396,-0.250,0.014,219.604,142.700,-118.896
-0.418,-0.239,0.043,212.524,110.779,-109.924
-0.456,-0.236,0.030,208.191,64.880,-96.802
-0.499,-0.224,-0.013,206.970,15.747,-79.834
-0.533,-0.223,-0.093,207.520,-23.010,-59.448
-0.573,-0.249,-0.225,208.435,-48.767,-38.330
-0.576,-0.284,-0.404,206.543,-60.425,-21.240
-0.568,-0.344,-0.568,199.280,-58.533,-12.390
-0.585,-0.387,-0.669,187.683,-46.326,-14.282
-0.620,-0.406,-0.702,175.842,-29.114,-23.071
-0.694,-0.401,-0.682,166.504,-13.977,-32.654
-0.748,-0.375,-0.628,158.936,-5.310,-39.185
-0.818,-0.333,-0.581,152.161,-8.911,-40.894
-0.869,-0.288,-0.530,145.142,-21.362,-37.048
-0.902,-0.241,-0.497,135.864,-43.701,-28.809
-0.914,-0.214,-0.513,121.704,-77.148,-18.860
-0.936,-0.205,-0.551,102.356,-116.882,-9.644
-0.954,-0.156,-0.573,80.750,-161.133,-4.028
-1.023,-0.075,-0.607,58.228,-204.956,-0.366
-1.110,-0.006,-0.667,36.743,-240.601,1.282
-1.216,0.072,-0.728,18.433,-262.207,1.953
-1.330,0.154,-0.797,2.502,-270.325,2.014
-1.440,0.253,-0.892,-9.705,-266.724,1.282
-1.575,0.382,-0.983,-17.517,-254.639,0.183
-1.737,0.592,-1.037,-26.306,-237.122,-0.183
-1.884,0.796,-1.078,-43.884,-221.130,5.066
-2.027,1.038,-1.080,-74.280,-209.473,19.775
-2.148,1.260,-1.016,-117.310,-203.247,48.035
-2.237,1.468,-0.935,-171.814,-205.322,88.989
-2.268,1.697,-0.802,-231.995,-214.966,137.756
-2.204,1.903,-0.597,-290.283,-229.065,189.026
-2.035,2.079,-0.383,-343.811,-246.094,234.436
-1.860,2.261,-0.140,-387.329,-263.245,270.569
-1.631,2.494,0.224,-424.377,-277.100,295.288
-1.370,2.738,0.762,-463.623,-281.555,309.814
-1.133,2.977,1.572,-507.446,-276.978,316.345
-0.798,3.105,2.568,-544.434,-271.484,311.584
-0.556,2.864,3.392,-549.194,-277.771,293.701
-0.557,2.484,3.791,-503.418,-295.044,268.738
-0.711,2.250,3.781,-411.743,-298.645,238.953
-0.862,2.154,3.633,-316.956,-270.569,207.520
-0.991,2.055,3.505,-259.888,-218.201,185.547
-1.005,1.989,3.603,-232.971,-161.926,180.725
-0.938,1.805,3.785,-219.727,-125.793,186.890
-0.817,1.603,3.861,-203.186,-117.371,198.242
-0.691,1.439,3.843,-173.767,-126.770,208.984
0.284,-0.347,0.967,61.646,188.965,-39.063
0.342,-0.343,0.897,67.871,191.772,-39.734
0.381,-0.338,0.793,76.660,194.458,-44.800
0.403,-0.318,0.665,86.548,196.960,-54.138
0.406,-0.292,0.524,97.168,200.317,-67.505
0.380,-0.251,0.382,107.178,206.726,-82.825
0.336,-0.206,0.218,115.601,215.820,-97.534
0.294,-0.152,0.051,121.521,226.929,-109.558
0.249,-0.101,-0.102,124.634,238.892,-117.920
0.208,-0.051,-0.234,124.023,248.413,-123.962
0.155,0.004,-0.337,118.958,255.554,-128.845
0.092,0.078,-0.398,110.046,260.803,-131.775
0.035,0.159,-0.428,98.206,266.724,-130.554
-0.018,0.236,-0.436,82.458,274.597,-123.291
-0.050,0.306,-0.406,64.514,283.447,-109.314
-0.063,0.369,-0.357,46.021,286.987,-91.003
-0.065,0.443,-0.305,28.076,281.128,-71.472
-0.066,0.526,-0.267,11.963,264.648,-52.795
-0.069,0.609,-0.243,-2.197,238.403,-36.255
-0.077,0.707,-0.243,-13.855,203.674,-21.362
-0.086,0.795,-0.286,-23.743,160.095,-8.911
-0.090,0.870,-0.374,-33.752,110.596,1.038
-0.098,0.922,-0.495,-46.021,60.425,6.226
-0.156,0.976,-0.622,-64.331,11.597,3.967
-0.271,1.048,-0.777,-89.722,-33.142,-3.906
-0.399,1.141,-0.934,-121.094,-68.542,-10.498
-0.524,1.250,-1.070,-158.203,-87.036,-12.268
-0.683,1.392,-1.180,-200.500,-83.862,-7.202
-0.836,1.562,-1.203,-244.629,-58.838,9.460
-0.903,1.768,-1.105,-289.062,-18.799,40.771
-0.878,1.984,-0.872,-329.041,27.222,84.412
-0.782,2.141,-0.583,-356.201,64.758,132.996
-0.702,2.268,-0.329,-369.324,80.078,180.481
-0.620,2.362,-0.125,-374.817,73.364,220.398
-0.537,2.436,0.097,-376.404,48.523,256.409
-0.457,2.483,0.313,-377.563,4.883,290.833
-0.397,2.507,0.393,-380.127,-59.326,320.862
0.058,2.645,0.515,-386.841,-135.010,345.825
-0.585,2.704,0.451,-396.851,-207.031,374.817
-0.418,2.757,0.890,-404.053,-217.773,380.676
-0.261,3.025,1.400,-396.057,-247.253,386.658
0.197,3.136,1.912,-391.785,-260.254,393.860
0.520,3.000,2.437,-386.353,-279.785,386.780
0.673,2.877,2.849,-379.761,-311.523,378.174
0.778,2.804,3.394,-360.291,-336.792,356.628
0.804,2.750,4.000,-324.219,-357.361,337.036
0.906,2.725,4.000,-279.724,-369.568,322.754
1.030,2.721,4.000,-221.619,-364.136,300.598
1.292,2.695,4.000,-152.527,-337.891,259.766
1.594,2.556,4.000,-86.426,-331.177,197.632
1.393,2.473,4.000,-36.255,-346.741,125.488
1.389,2.284,4.000,-9.338,-285.645,74.280
1.440,2.194,4.000,16.907,-212.036,26.733
1.592,2.185,3.920,33.264,-147.827,-24.475
1.608,2.104,3.706,39.673,-96.252,-75.867
1.644,2.081,3.473,50.476,-45.959,-127.014
1.599,1.993,3.200,66.772,3.540,-165.283
1.587,1.892,2.924,83.435,31.250,-206.055
1.433,1.788,2.688,99.121,44.861,-238.831
1.278,1.693,2.433,116.760,55.847,-258.484
1.141,1.557,2.171,137.939,64.026,-269.836
1.037,1.388,1.915,157.654,63.721,-278.137
0.926,1.215,1.652,172.913,52.673,-288.147
0.775,1.048,1.398,184.021,43.457,-298.889
0.653,0.921,1.170,193.054,41.504,-308.533
0.538,0.777,1.004,198.853,44.800,-316.650
0.437,0.649,0.874,198.364,50.293,-323.120
0.327,0.533,0.801,195.557,53.101,-328.064
0.236,0.422,0.751,193.115,56.152,-329.895
0.153,0.312,0.724,192.017,58.777,-327.576
0.094,0.233,0.688,192.627,59.143,-321.533
0.047,0.161,0.633,194.763,56.396,-313.477
0.006,0.090,0.531,196.045,53.955,-305.115
-0.029,0.036,0.431,195.801,55.420,-298.950
-0.078,-0.009,0.354,194.824,62.866,-295.227
-0.137,-0.066,0.292,193.909,75.195,-290.161
-0.182,-0.111,0.244,193.481,88.501,-283.752
-0.217,-0.146,0.193,192.688,99.670,-276.245
-0.262,-0.164,0.164,189.209,109.253,-267.212
-0.273,-0.165,0.162,183.228,116.150,-257.385
-0.284,-0.170,0.179,176.025,116.028,-244.568
-0.290,-0.177,0.189,169.250,105.103,-229.187
-0.311,-0.196,0.184,163.757,86.182,-213.684
-0.339,-0.212,0.167,161.194,60.608,-198.730
-0.372,-0.207,0.144,162.476,29.236,-186.157
-0.414,-0.175,0.120,166.809,-6.592,-176.453
-0.496,-0.139,0.064,173.035,-50.171,-167.358
-0.588,-0.083,-0.035,178.955,-98.633,-156.189
-0.691,-0.048,-0.154,182.190,-142.639,-142.639
-0.785,-0.017,-0.272,181.885,-176.514,-127.563
-0.915,-0.003,-0.390,174.194,-199.707,-111.938
-1.077,-0.007,-0.469,159.363,-210.999,-96.069
-1.247,-0.013,-0.485,140.686,-214.783,-80.627
-1.399,-0.023,-0.460,117.493,-217.346,-64.392
-1.517,-0.019,-0.431,89.050,-219.910,-49.316
-1.640,-0.014,-0.367,57.007,-222.412,-34.912
-1.779,-0.002,-0.272,29.175,-226.685,-21.729
-1.958,0.029,-0.207,8.118,-235.657,-10.193
-2.135,0.033,-0.209,-6.470,-248.230,-1.648
-2.362,0.027,-0.314,-13.428,-260.132,5.920
-2.686,0.113,-0.496,-13.123,-268.982,15.564
-2.999,0.324,-0.659,-11.108,-267.700,31.311
-3.168,0.620,-0.780,-18.616,-252.563,58.411
-3.240,0.879,-0.800,-46.326,-234.192,98.755
-3.191,1.255,-0.711,-95.093,-225.891,151.428
-3.083,1.549,-0.500,-156.555,-230.652,215.027
-2.895,1.840,-0.186,-222.839,-248.291,282.227
-2.653,1.975,0.137,-275.024,-276.550,345.337
-2.396,2.010,0.323,-303.406,-307.251,389.771
-2.164,2.109,0.396,-311.890,-329.407,413.574
-1.958,2.300,0.480,-312.378,-328.491,419.861
-1.742,2.570,0.617,-320.557,-300.415,415.466
-1.468,2.907,0.986,-339.661,-254.700,408.936
-1.124,3.155,1.525,-364.258,-207.458,408.630
-0.753,3.239,2.086,-388.062,-177.917,413.086
-0.399,3.273,2.744,-398.254,-168.274,414.185
-0.105,3.233,3.452,-391.296,-170.349,404.297
0.180,3.139,4.000,-366.577,-169.495,388.916
0.413,2.862,4.000,-317.810,-162.231,366.760
-0.283,-0.500,1.081,71.289,162.292,-103.577
-0.249,-0.494,1.100,69.763,157.959,-100.647
-0.201,-0.495,1.152,67.139,154.358,-96.558
-0.149,-0.531,1.216,63.965,153.625,-92.224
-0.109,-0.572,1.286,61.646,153.015,-89.905
-0.087,-0.586,1.368,61.340,150.513,-91.309
-0.095,-0.589,1.431,61.768,148.987,-94.849
-0.094,-0.584,1.470,64.331,151.428,-97.778
-0.098,-0.577,1.512,69.946,158.752,-100.342
-0.083,-0.571,1.533,76.599,171.143,-101.929
-0.063,-0.577,1.552,84.045,185.364,-102.966
-0.044,-0.607,1.562,92.590,198.120,-102.600
-0.031,-0.638,1.552,103.516,203.003,-101.257
-0.029,-0.663,1.511,116.638,194.458,-98.206
-0.037,-0.678,1.418,130.127,171.326,-93.262
-0.050,-0.681,1.287,140.869,138.977,-87.097
-0.063,-0.670,1.130,147.766,106.689,-79.529
-0.073,-0.688,0.971,152.344,80.750,-69.885
-0.080,-0.718,0.815,156.250,61.890,-60.425
-0.087,-0.734,0.666,160.950,48.401,-54.077
-0.100,-0.737,0.516,166.016,39.063,-50.659
-0.118,-0.729,0.376,171.021,32.471,-49.927
-0.138,-0.700,0.240,174.927,27.100,-50.842
-0.172,-0.659,0.119,177.612,23.010,-51.758
-0.210,-0.605,-0.002,179.016,21.851,-52.551
-0.248,-0.543,-0.117,180.542,24.658,-54.260
-0.293,-0.480,-0.219,182.922,31.921,-57.556
-0.340,-0.408,-0.311,185.547,42.908,-62.012
-0.395,-0.334,-0.395,186.157,55.176,-67.871
-0.480,-0.272,-0.476,183.105,67.322,-74.707
-0.594,-0.185,-0.499,175.171,81.360,-81.543
-0.684,-0.063,-0.461,160.645,91.003,-90.576
-0.766,0.049,-0.415,138.000,84.534,-101.868
-0.894,0.130,-0.399,108.398,56.458,-111.511
-1.050,0.185,-0.435,78.186,15.442,-118.286
-1.207,0.252,-0.525,55.420,-21.545,-122.925
-1.398,0.380,-0.650,44.373,-47.058,-126.587
-1.678,0.552,-0.840,44.495,-60.547,-129.089
-2.039,0.777,-1.107,53.650,-63.232,-130.981
-2.453,1.062,-1.349,61.157,-54.016,-127.258
-2.768,1.309,-1.489,50.232,-38.025,-110.840
-3.011,1.521,-1.585,8.728,-39.795,-76.172
-3.208,1.710,-1.581,-61.829,-67.017,-22.095
-3.371,1.979,-1.486,-148.804,-112.671,45.471
-3.461,2.357,-1.292,-237.610,-164.429,124.146
-3.364,2.830,-0.956,-319.763,-208.557,209.045
-3.016,3.267,-0.556,-383.179,-235.657,290.588
-2.490,3.570,-0.167,-426.636,-241.943,358.337
-1.914,3.814,0.202,-458.252,-232.239,410.339
-1.359,4.000,0.739,-489.441,-218.384,452.393
-0.644,4.000,1.630,-521.667,-205.566,480.103
0.233,4.000,2.744,-549.438,-194.702,488.831
0.970,4.000,3.831,-562.134,-202.820,486.877
1.329,3.846,4.000,-541.443,-216.614,477.295
1.594,3.428,4.000,-493.835,-203.918,449.158
1.996,3.013,4.000,-427.002,-173.218,412.292
2.169,2.457,4.000,-348.083,-153.809,383.484
1.905,1.954,4.000,-269.409,-172.119,356.140
2.175,1.440,4.000,-205.383,-100.708,299.011
2.099,0.984,4.000,-148.010,-44.861,261.536
1.987,0.701,4.000,-90.088,-4.944,226.257
1.767,0.503,4.000,-31.250,26.489,193.848
1.560,0.431,4.000,2.258,43.152,173.279
1.500,0.400,4.000,17.761,68.298,162.964
1.528,0.408,4.000,33.020,94.116,160.706
1.655,0.379,4.000,52.490,114.075,155.212
1.597,0.263,4.000,78.796,122.986,143.494
1.371,0.102,3.673,109.436,121.887,127.930
1.197,-0.042,3.198,142.395,145.203,102.905
0.872,-0.124,2.674,172.119,175.659,74.402
0.695,-0.204,2.404,194.885,204.224,45.959
0.357,-0.215,1.972,212.036,202.087,26.978
0.172,-0.253,1.514,221.619,208.130,14.709
0.044,-0.324,1.208,221.130,223.022,9.888
0.000,-0.376,1.020,210.449,233.948,11.353
0.010,-0.392,0.858,198.792,238.464,12.024
0.018,-0.360,0.661,188.965,238.892,10.315
0.051,-0.309,0.491,178.528,242.126,6.836
0.097,-0.237,0.340,166.077,251.282,3.357
0.200,-0.220,0.291,153.748,266.785,0.610
0.314,-0.173,0.258,145.203,277.527,-2.808
0.392,-0.099,0.218,143.921,283.386,-9.888
0.454,-0.019,0.121,149.292,282.410,-20.630
0.468,0.034,0.000,153.198,274.292,-33.691
0.466,0.109,-0.163,148.865,264.038,-46.631
0.448,0.189,-0.344,136.047,259.033,-56.030
0.430,0.237,-0.460,113.281,265.137,-60.974
0.412,0.296,-0.489,84.595,281.250,-63.477
0.394,0.360,-0.444,57.678,298.401,-62.256
0.405,0.442,-0.382,35.950,302.551,-54.321
0.422,0.518,-0.362,17.395,283.081,-41.138
0.431,0.588,-0.403,-1.282,247.986,-24.292
0.433,0.611,-0.433,-19.043,209.900,-7.690
0.453,0.648,-0.459,-33.752,177.368,4.211
0.470,0.639,-0.450,-45.044,155.518,10.864
0.488,0.640,-0.413,-52.307,140.198,8.423
0.472,0.680,-0.395,-55.481,128.662,1.282
0.455,0.759,-0.435,-56.702,125.549,-4.822
0.436,0.850,-0.480,-60.181,128.174,-10.742
0.418,0.970,-0.522,-68.054,133.850,-21.423
0.396,1.101,-0.505,-78.430,142.334,-36.377
0.232,1.100,-0.466,-89.111,150.879,-53.162
0.145,1.151,-0.421,-97.900,151.184,-62.561
0.033,1.165,-0.383,-101.196,154.785,-65.125
-0.052,1.166,-0.355,-101.807,155.884,-57.556
-0.098,1.188,-0.384,-99.792,152.222,-43.396
-0.110,1.202,-0.462,-101.318,146.851,-28.198
-0.109,1.203,-0.494,-112.549,140.564,-14.526
-0.124,1.199,-0.484,-129.028,130.188,-3.601
-0.101,1.218,-0.481,-141.113,114.014,9.644
-0.047,1.224,-0.484,-149.658,96.252,26.245
0.018,1.191,-0.509,-159.302,81.238,42.419
0.118,1.135,-0.591,-169.739,66.956,54.138
0.197,1.097,-0.650,-182.190,55.115,58.472
0.124,1.155,-0.605,-199.585,44.800,53.467
-0.123,1.282,-0.484,-222.351,40.344,45.776
-0.337,1.292,-0.337,-240.417,48.401,46.326
-0.390,1.312,-0.193,-242.493,69.153,67.932
-0.282,1.365,-0.086,-230.408,90.637,102.295
0.189,0.011,-0.503,74.768,86.487,15.198
0.140,0.129,-0.502,73.364,69.336,11.414
0.098,0.256,-0.492,71.899,52.673,10.376
0.046,0.360,-0.500,67.566,38.452,13.489
0.023,0.458,-0.525,60.669,25.818,18.494
0.003,0.540,-0.578,48.523,12.939,22.766
-0.023,0.627,-0.615,31.250,-1.282,24.231
-0.062,0.726,-0.631,9.888,-12.756,24.475
-0.103,0.858,-0.643,-11.902,-20.386,24.475
-0.121,1.021,-0.661,-31.250,-21.423,25.879
-0.143,1.166,-0.658,-46.997,-12.268,30.701
-0.136,1.250,-0.641,-61.768,7.751,39.795
-0.116,1.297,-0.598,-76.050,35.767,50.659
-0.087,1.289,-0.530,-89.417,64.819,61.523
-0.058,1.255,-0.470,-99.121,88.440,70.679
-0.036,1.220,-0.420,-104.736,102.539,78.979
-0.030,1.172,-0.386,-105.957,106.750,86.182
-0.047,1.145,-0.359,-103.027,99.670,90.942
-0.069,1.147,-0.367,-98.450,82.031,94.604
-0.117,1.142,-0.403,-95.154,57.434,98.145
-0.168,1.159,-0.449,-95.642,31.006,101.990
-0.219,1.197,-0.490,-99.304,8.057,108.093
-0.238,1.238,-0.514,-106.750,-6.958,118.530
-0.223,1.270,-0.542,-117.676,-12.939,134.766
-0.198,1.270,-0.544,-131.653,-11.719,153.503
-0.166,1.309,-0.468,-146.484,-6.165,170.898
-0.136,1.356,-0.345,-159.424,-1.770,185.974
-0.093,1.399,-0.216,-168.823,-1.770,202.087
-0.053,1.466,-0.069,-172.729,-11.780,219.910
-0.006,1.526,0.066,-173.828,-33.020,237.549
0.038,1.532,0.180,-175.659,-60.669,254.150
0.066,1.513,0.275,-176.941,-97.839,271.973
0.089,1.539,0.343,-174.866,-148.499,289.246
0.130,1.591,0.384,-172.241,-205.811,306.091
0.229,1.702,0.424,-173.645,-257.263,325.867
0.368,1.800,0.533,-180.481,-299.805,350.281
0.575,1.817,0.664,-194.031,-331.970,370.667
0.776,1.801,0.847,-209.900,-360.046,380.981
0.894,1.797,1.116,-221.436,-389.404,379.456
0.962,1.683,1.438,-227.478,-415.771,365.540
1.019,1.605,1.755,-223.572,-435.486,343.506
1.096,1.630,2.122,-205.750,-443.115,315.308
1.226,1.693,2.516,-182.129,-428.345,280.823
1.351,1.786,2.827,-158.203,-399.658,238.342
1.373,1.927,2.988,-132.935,-373.474,184.814
1.299,2.053,3.057,-105.103,-359.131,126.831
1.195,2.151,3.062,-81.421,-349.670,80.505
1.133,2.180,3.034,-64.392,-333.008,48.889
1.128,2.148,3.060,-51.514,-305.664,30.151
1.179,2.110,3.124,-39.734,-274.170,20.691
1.253,2.093,3.146,-25.146,-248.291,13.855
1.361,2.039,3.144,-5.798,-231.506,3.967
1.449,1.995,3.070,13.428,-213.440,-5.920
1.547,1.922,2.937,33.325,-193.054,-20.935
1.629,1.830,2.762,52.551,-166.931,-41.565
1.685,1.723,2.560,70.313,-138.672,-68.542
1.668,1.611,2.379,85.571,-112.183,-99.121
1.575,1.491,2.213,97.717,-87.585,-127.197
1.414,1.375,2.077,107.910,-65.613,-151.001
1.234,1.250,1.939,118.042,-46.021,-171.753
1.078,1.121,1.803,127.197,-28.870,-188.110
0.942,1.017,1.690,133.728,-14.404,-200.989
0.813,0.932,1.620,138.977,-3.113,-211.243
0.688,0.834,1.581,143.799,8.545,-218.445
0.617,0.746,1.559,149.414,22.095,-223.328
0.581,0.672,1.560,157.227,37.109,-227.051
0.546,0.579,1.560,166.077,48.828,-230.591
0.493,0.470,1.556,175.598,53.650,-235.413
0.425,0.385,1.520,187.317,53.162,-240.417
0.342,0.333,1.453,202.515,48.584,-243.774
0.254,0.291,1.353,217.529,40.039,-245.178
0.156,0.234,1.225,229.431,29.419,-244.080
0.068,0.186,1.083,238.953,17.639,-240.845
-0.006,0.139,0.958,247.375,4.517,-234.741
-0.078,0.114,0.835,254.944,-8.545,-226.257
-0.170,0.041,0.703,260.010,-21.118,-215.332
-0.260,-0.018,0.545,262.329,-33.264,-202.942
-0.321,-0.089,0.390,263.794,-42.603,-189.209
-0.381,-0.155,0.237,263.245,-44.739,-174.683
-0.401,-0.201,0.100,257.874,-37.231,-161.499
-0.403,-0.237,0.004,248.657,-21.118,-149.109
-0.382,-0.264,-0.056,236.084,-2.686,-137.268
-0.372,-0.289,-0.076,221.619,15.198,-126.587
-0.387,-0.308,-0.053,208.191,31.372,-116.394
-0.446,-0.318,0.006,199.463,41.687,-106.018
-0.496,-0.303,0.077,197.327,41.382,-94.360
-0.567,-0.279,0.125,199.219,24.414,-80.688
-0.618,-0.243,0.139,201.599,-5.798,-65.552
-0.685,-0.203,0.089,203.369,-46.204,-49.927
-0.717,-0.166,-0.011,202.271,-93.811,-34.790
-0.748,-0.167,-0.143,195.312,-139.526,-18.250
-0.762,-0.195,-0.274,182.312,-175.903,0.122
-0.742,-0.242,-0.381,164.307,-198.608,18.982
-0.745,-0.277,-0.400,142.273,-209.351,33.630
-0.781,-0.288,-0.410,118.042,-208.008,42.053
-0.816,-0.236,-0.369,94.727,-194.946,43.396
-0.845,-0.156,-0.309,72.937,-183.472,39.246
-0.881,-0.104,-0.237,50.903,-180.237,33.569
-0.965,-0.111,-0.193,29.724,-182.495,27.710
-1.055,-0.090,-0.166,13.245,-184.021,20.386
-1.136,-0.030,-0.162,3.174,-179.687,12.512
-1.229,0.052,-0.174,-3.540,-170.959,7.874
-1.309,0.122,-0.210,-9.827,-158.447,10.986
-1.360,0.203,-0.222,-15.015,-142.456,24.109
-1.413,0.271,-0.221,-21.240,-128.296,45.349
-1.410,0.341,-0.241,-33.142,-117.126,72.266
-1.352,0.383,-0.257,-49.683,-109.009,104.187
-1.267,0.435,-0.253,-70.862,-103.577,136.963
-1.138,0.495,-0.199,-93.811,-100.769,164.307
-1.001,0.546,-0.125,-115.540,-101.685,182.251
-0.899,0.595,-0.041,-135.742,-106.140,192.749
-0.795,0.659,0.074,-152.161,-110.291,196.167
-0.607,0.760,0.255,-162.903,-110.352,191.162
-0.458,0.823,0.501,-171.570,-108.887,181.030
-0.360,0.908,0.770,-182.556,-114.380,171.448
-0.302,1.008,1.019,-192.505,-127.686,166.016
-0.289,1.016,1.224,-195.618,-147.522,165.466
-0.298,1.000,1.369,-196.167,-171.082,169.800
-0.294,0.957,1.512,-198.120,-190.186,177.002
-0.533,-0.726,0.086,198.120,208.130,-175.293
-0.491,-0.736,-0.095,197.937,229.126,-164.307
-0.460,-0.746,-0.234,195.312,249.817,-156.372
-0.447,-0.714,-0.351,189.453,266.479,-151.917
-0.451,-0.692,-0.419,181.519,278.076,-148.132
-0.437,-0.667,-0.445,171.814,284.790,-142.639
-0.412,-0.622,-0.426,159.607,282.959,-136.169
-0.385,-0.573,-0.396,142.700,268.433,-130.371
-0.383,-0.523,-0.378,120.728,242.126,-125.305
-0.376,-0.459,-0.357,97.351,208.252,-122.375
-0.377,-0.422,-0.350,72.998,170.532,-119.751
-0.394,-0.390,-0.367,48.889,132.751,-116.211
-0.417,-0.358,-0.378,29.175,96.680,-111.755
-0.435,-0.323,-0.391,13.489,61.829,-108.093
-0.460,-0.283,-0.400,0.854,27.954,-106.689
-0.496,-0.229,-0.407,-10.864,-2.441,-108.582
-0.551,-0.165,-0.418,-20.569,-27.710,-113.342
-0.621,-0.097,-0.440,-27.161,-47.791,-120.789
-0.719,-0.039,-0.476,-30.701,-59.753,-129.517
-0.829,0.014,-0.512,-32.043,-60.730,-139.221
-0.962,0.060,-0.542,-31.738,-52.185,-148.621
-1.127,0.120,-0.563,-29.724,-38.513,-155.457
-1.289,0.211,-0.575,-27.405,-23.987,-157.959
-1.451,0.304,-0.574,-28.870,-13.611,-154.053
-1.656,0.402,-0.570,-38.513,-11.597,-141.724
-1.868,0.466,-0.547,-53.955,-20.996,-122.375
-2.040,0.546,-0.524,-72.083,-40.283,-95.642
-2.189,0.655,-0.502,-91.614,-68.176,-59.631
-2.312,0.795,-0.543,-116.638,-100.647,-17.029
-2.371,0.912,-0.578,-145.508,-124.939,31.494
-2.315,1.041,-0.601,-178.162,-134.338,85.999
-2.200,1.161,-0.500,-214.417,-130.127,142.090
-2.015,1.318,-0.324,-250.854,-121.521,193.542
-1.831,1.440,-0.092,-281.189,-119.934,235.657
-1.636,1.601,0.123,-303.528,-129.395,266.724
-1.502,1.747,0.331,-319.275,-144.592,290.405
-1.370,1.882,0.527,-327.026,-154.358,306.519
-1.176,1.983,0.666,-325.867,-155.762,315.247
-0.996,2.100,0.809,-322.083,-151.917,320.618
-0.763,2.205,1.048,-323.059,-136.414,326.721
-0.440,2.293,1.490,-333.679,-112.549,338.318
0.034,2.245,2.189,-347.168,-92.773,357.544
0.628,2.066,2.860,-359.924,-94.482,373.840
0.998,1.866,3.284,-358.643,-124.451,371.887
1.124,1.560,3.483,-328.186,-160.583,346.069
1.052,1.274,3.505,-285.217,-180.664,302.185
0.883,1.112,3.441,-247.925,-172.607,262.024
0.732,0.987,3.433,-212.585,-140.137,235.718
0.646,0.877,3.512,-184.692,-92.957,224.304
1.275,0.765,3.996,-163.940,-57.190,227.539
0.573,0.729,3.769,-146.606,-82.520,239.319
1.564,0.418,4.000,-132.507,-23.010,240.112
1.418,0.328,4.000,-118.896,-35.278,248.901
1.478,0.045,4.000,-97.290,-41.138,238.647
1.756,-0.067,4.000,-59.204,-11.536,212.524
1.562,-0.088,3.804,-23.743,-13.855,191.406
1.566,-0.102,3.642,4.883,5.920,168.579
1.559,-0.058,3.489,32.166,38.635,150.635
1.590,-0.044,3.280,56.152,65.002,139.404
1.623,-0.050,3.055,80.688,91.431,126.709
1.644,-0.092,2.811,102.173,120.056,110.657
1.604,-0.149,2.552,122.437,147.400,89.783
1.526,-0.217,2.300,142.517,169.861,66.589
1.402,-0.263,2.035,160.034,183.044,44.434
1.262,-0.306,1.789,171.692,187.866,24.841
1.092,-0.347,1.569,178.284,184.692,7.996
0.926,-0.396,1.364,180.237,177.979,-4.578
0.784,-0.445,1.186,178.589,173.950,-10.986
0.679,-0.476,1.015,173.035,172.607,-12.939
0.629,-0.511,0.876,163.818,178.528,-11.780
0.637,-0.552,0.839,152.466,186.829,-11.353
0.604,-0.509,0.719,139.343,188.660,-14.893
0.580,-0.591,0.696,129.639,197.815,-19.348
0.599,-0.606,0.660,123.901,200.989,-27.649
0.593,-0.571,0.576,120.239,200.317,-40.283
0.600,-0.541,0.534,120.667,206.360,-54.016
0.586,-0.473,0.471,124.084,212.280,-67.139
0.547,-0.428,0.402,128.113,214.355,-79.407
0.497,-0.321,0.315,131.287,211.792,-90.576
0.420,-0.217,0.217,132.690,208.618,-97.168
0.344,-0.152,0.123,130.615,208.252,-97.351
0.291,-0.081,0.023,125.488,211.914,-91.736
0.255,-0.016,-0.056,117.371,218.445,-82.031
0.238,0.061,-0.113,106.384,226.685,-69.946
0.273,0.131,-0.126,93.872,235.291,-57.068
0.347,0.191,-0.130,82.336,240.906,-46.814
0.405,0.280,-0.130,72.266,238.770,-40.344
0.443,0.396,-0.135,63.110,229.980,-35.034
0.446,0.496,-0.230,52.795,219.360,-28.748
0.477,0.563,-0.403,41.443,211.609,-25.330
0.421,0.609,-0.517,25.635,208.252,-27.161
0.358,0.623,-0.553,2.808,210.510,-33.203
0.300,0.661,-0.536,-24.109,212.952,-37.537
0.241,0.704,-0.490,-47.607,209.595,-33.752
0.232,0.781,-0.432,-65.979,197.815,-23.437
0.203,0.832,-0.394,-83.435,175.598,-8.301
0.192,0.866,-0.360,-99.304,149.719,9.460
0.188,0.898,-0.321,-110.840,121.765,28.564
0.182,0.921,-0.283,-118.591,94.727,45.715
0.174,0.918,-0.238,-123.779,69.580,59.204
0.176,0.901,-0.230,-126.221,45.715,67.505
0.166,0.880,-0.239,-129.089,24.536,70.435
0.148,0.879,-0.237,-136.292,9.216,66.833
0.110,0.916,-0.218,-149.536,2.563,57.129
0.057,0.957,-0.181,-167.664,3.906,44.556
-0.009,0.984,-0.140,-187.805,11.047,34.424
-0.090,1.017,-0.076,-204.590,22.827,30.579
-0.180,1.075,0.027,-214.600,36.194,34.729
-0.267,1.110,0.104,-219.177,44.922,47.974
-0.302,1.102,0.118,-221.558,45.959,69.946
-0.289,1.115,0.128,-221.924,41.199,95.703
-0.226,1.142,0.157,-223.145,28.381,119.934
-0.150,1.167,0.189,-231.934,3.174,140.686
-0.104,1.212,0.209,-248.413,-30.701,158.630
-0.075,1.274,0.299,-268.188,-60.669,174.561
0.020,1.258,0.481,-284.668,-74.280,187.927
0.175,1.154,0.626,-289.917,-74.402,196.960
0.328,1.080,0.675,-280.701,-70.068,202.942
0.489,1.068,0.639,-264.343,-63.538,204.346
1.047,0.259,1.557,153.015,181.763,-200.500
1.019,0.192,1.496,160.828,181.396,-207.275
1.000,0.118,1.436,169.739,175.476,-214.539
0.949,0.035,1.330,179.504,160.889,-224.243
0.883,-0.009,1.165,189.270,139.221,-236.816
0.810,-0.072,0.997,198.853,112.671,-250.427
0.676,-0.103,0.806,205.017,85.999,-261.536
0.539,-0.131,0.617,208.130,63.538,-270.325
0.378,-0.182,0.440,209.290,48.584,-277.466
0.199,-0.213,0.251,209.839,39.490,-284.119
-0.017,-0.223,0.062,208.313,35.522,-290.527
-0.216,-0.215,-0.097,203.979,40.466,-292.969
-0.404,-0.202,-0.208,197.632,56.702,-290.039
-0.547,-0.185,-0.261,187.012,75.439,-281.128
-0.662,-0.164,-0.260,171.082,89.417,-268.433
-0.773,-0.132,-0.240,151.367,94.299,-251.404
-0.866,-0.091,-0.217,130.859,85.693,-230.347
-0.954,-0.068,-0.185,111.084,62.866,-204.773
-1.030,-0.059,-0.170,92.712,30.518,-175.720
-1.085,-0.068,-0.188,76.477,-3.845,-147.400
-1.074,-0.102,-0.212,62.561,-33.142,-124.695
-1.067,-0.138,-0.213,50.598,-63.721,-108.704
-1.080,-0.135,-0.223,40.955,-101.685,-97.046
-1.104,-0.124,-0.240,33.325,-137.268,-87.280
-1.132,-0.105,-0.250,25.757,-166.199,-79.407
-1.214,-0.077,-0.290,18.555,-188.049,-72.449
-1.375,-0.056,-0.349,11.169,-202.271,-62.317
-1.492,-0.015,-0.418,0.977,-202.942,-44.067
-1.559,0.018,-0.462,-13.855,-191.162,-18.738
-1.607,0.079,-0.487,-31.860,-173.157,9.094
-1.612,0.121,-0.485,-50.537,-149.109,35.889
-1.609,0.204,-0.474,-67.383,-123.047,59.448
-1.586,0.350,-0.410,-81.299,-97.046,80.078
-1.583,0.515,-0.311,-92.529,-77.209,101.563
-1.563,0.682,-0.165,-100.647,-65.247,122.437
-1.522,0.888,0.004,-104.980,-65.613,139.893
-1.519,1.139,0.192,-108.337,-84.717,153.381
-1.552,1.423,0.402,-113.892,-121.094,166.565
-1.552,1.699,0.538,-120.422,-167.053,184.570
-1.637,1.945,0.578,-126.038,-207.031,207.031
-1.719,2.200,0.603,-133.667,-219.238,234.070
-1.660,2.441,0.691,-146.362,-189.636,269.897
-1.431,2.603,0.905,-159.851,-125.549,315.796
-0.924,2.670,1.255,-163.818,-49.683,370.361
-0.331,2.601,1.642,-158.264,7.812,421.082
0.277,2.559,1.923,-151.428,27.710,448.730
0.795,2.468,2.232,-141.724,11.780,450.439
1.226,2.275,2.439,-129.883,-28.564,437.012
1.521,2.056,2.483,-122.192,-82.092,415.894
1.687,1.888,2.479,-113.159,-122.559,395.325
1.768,1.733,2.477,-102.722,-135.071,378.845
1.792,1.608,2.458,-92.712,-132.996,369.873
1.869,1.469,2.455,-82.581,-127.747,366.394
2.045,1.354,2.446,-75.562,-118.225,364.746
2.267,1.257,2.511,-74.646,-101.196,359.985
2.526,1.112,2.626,-73.853,-74.768,349.792
2.763,0.944,2.685,-63.599,-48.157,332.520
2.966,0.783,2.688,-42.236,-34.180,310.059
2.854,0.631,2.272,-19.470,-21.240,284.790
3.148,0.417,2.363,0.061,23.743,253.296
3.308,0.412,2.088,15.198,41.809,225.647
3.228,0.255,2.076,32.043,76.172,195.923
3.247,0.241,1.963,47.974,84.045,162.354
3.187,0.215,1.847,57.678,88.379,132.263
3.070,0.273,1.666,60.913,96.619,107.239
3.011,0.213,1.642,61.768,121.460,89.783
3.086,0.200,1.693,64.209,133.301,69.763
3.013,0.239,1.632,65.979,121.094,47.180
2.827,0.229,1.503,68.481,117.004,21.545
2.624,0.170,1.423,75.623,120.117,-7.996
2.356,0.195,1.320,83.435,114.746,-41.077
2.072,0.190,1.202,88.562,115.479,-70.984
1.932,0.114,1.218,93.079,131.897,-97.046
1.765,0.162,1.062,97.717,152.954,-120.911
1.396,0.104,1.081,102.722,182.495,-138.916
1.344,0.134,1.020,105.408,208.191,-154.602
1.229,0.130,1.015,107.300,235.535,-162.415
1.179,0.109,0.936,104.675,250.244,-161.926
1.149,0.048,0.875,95.947,256.897,-157.898
1.098,0.023,0.792,81.299,250.122,-151.550
1.046,-0.009,0.732,65.491,238.342,-144.287
1.005,-0.023,0.691,51.636,225.342,-135.925
1.003,-0.029,0.658,42.603,213.501,-128.540
1.053,-0.030,0.624,39.307,205.444,-125.244
1.089,-0.041,0.574,38.818,199.585,-127.686
1.078,-0.041,0.507,38.269,193.787,-135.742
1.010,-0.026,0.459,38.330,187.561,-149.658
0.904,0.009,0.421,39.856,181.580,-165.955
0.761,0.058,0.366,42.236,174.011,-178.467
0.604,0.102,0.294,44.495,164.978,-183.655
0.458,0.132,0.199,46.265,156.860,-181.885
0.325,0.172,0.083,46.509,151.428,-175.476
0.203,0.168,0.001,43.335,147.339,-164.734
0.115,0.184,-0.091,35.583,143.005,-152.100
0.056,0.213,-0.176,25.269,138.733,-138.000
0.017,0.225,-0.256,11.475,136.169,-122.559
0.014,0.239,-0.297,-5.188,135.681,-106.995
0.003,0.266,-0.300,-23.071,132.324,-93.750
-0.040,0.284,-0.287,-40.710,124.329,-82.886
-0.079,0.317,-0.268,-54.688,115.112,-72.937
-0.102,0.370,-0.245,-64.697,104.431,-62.134
-0.130,0.431,-0.217,-71.899,92.651,-49.927
-0.147,0.479,-0.195,-78.125,81.848,-36.194
-0.149,0.517,-0.187,-83.008,72.205,-21.790
-0.150,0.552,-0.190,-87.097,64.758,-8.545
-0.156,0.568,-0.195,-92.224,60.120,3.296
-0.157,0.569,-0.229,-98.389,58.960,15.015
-0.173,0.553,-0.259,-105.469,60.364,25.330
-0.182,0.556,-0.258,-112.183,63.904,34.485
-0.197,0.568,-0.243,-116.516,69.214,44.250
-0.206,0.594,-0.239,-118.042,75.195,55.725
-0.181,0.626,-0.268,-118.164,83.923,68.848
-0.149,0.648,-0.303,-119.873,96.863,83.008
-0.117,0.684,-0.291,-123.352,111.389,96.558
-0.068,0.718,-0.268,-126.404,125.916,109.863
-0.018,0.730,-0.250,-127.258,138.306,123.718
0.063,0.738,-0.234,-126.648,146.423,138.367
0.142,0.722,-0.204,-123.901,146.301,152.039
0.213,0.701,-0.190,-120.911,136.169,162.231
0.105,0.071,-0.424,151.306,43.640,-103.333
0.075,0.096,-0.461,137.024,39.368,-92.102
0.044,0.123,-0.498,122.681,34.180,-79.712
0.004,0.134,-0.543,107.910,28.625,-67.139
-0.028,0.144,-0.570,91.187,22.461,-55.176
-0.058,0.164,-0.585,73.792,18.005,-44.373
-0.082,0.182,-0.581,58.105,17.029,-33.508
-0.089,0.205,-0.570,44.495,18.066,-22.278
-0.094,0.233,-0.560,31.616,18.738,-11.963
-0.087,0.273,-0.565,19.287,18.494,-2.991
-0.068,0.324,-0.595,8.545,16.602,6.042
-0.054,0.372,-0.625,-0.549,12.878,14.954
-0.046,0.412,-0.652,-10.437,8.606,23.926
-0.031,0.433,-0.668,-20.325,4.761,34.119
-0.007,0.443,-0.674,-30.090,-0.122,44.739
0.016,0.436,-0.682,-40.100,-5.798,55.542
0.029,0.424,-0.689,-51.208,-12.634,65.857
0.032,0.410,-0.681,-64.331,-20.081,74.707
0.033,0.379,-0.662,-78.247,-25.818,82.275
0.027,0.348,-0.627,-92.590,-28.931,87.463
0.007,0.345,-0.589,-106.323,-30.396,90.759
0.005,0.394,-0.568,-118.042,-29.785,93.750
0.035,0.459,-0.548,-128.235,-26.001,98.511
0.093,0.531,-0.509,-138.245,-21.851,106.262
0.159,0.605,-0.436,-148.560,-20.325,116.089
0.225,0.652,-0.355,-159.424,-23.132,126.465
0.278,0.647,-0.266,-171.204,-31.860,137.268
0.333,0.623,-0.171,-181.763,-45.654,146.667
0.381,0.648,-0.072,-187.500,-62.805,152.466
0.445,0.668,0.031,-187.988,-79.407,153.687
0.525,0.682,0.094,-185.486,-92.285,151.917
0.603,0.764,0.107,-182.800,-108.459,147.034
0.639,0.874,0.134,-182.800,-126.709,140.991
0.716,0.974,0.187,-186.584,-138.794,138.367
0.808,1.058,0.269,-193.542,-147.766,138.916
0.902,1.099,0.405,-205.261,-158.203,140.686
1.005,1.094,0.632,-220.215,-169.189,142.212
1.150,1.074,0.964,-233.459,-179.932,145.264
1.349,1.137,1.364,-237.671,-188.354,151.428
1.604,1.248,1.769,-228.333,-197.327,156.433
1.853,1.349,2.151,-208.679,-208.496,151.733
2.048,1.446,2.460,-186.401,-218.079,131.836
2.183,1.497,2.722,-166.870,-219.666,97.717
2.266,1.418,2.932,-149.353,-203.857,57.373
2.329,1.261,3.032,-128.845,-174.805,16.602
2.334,1.114,3.067,-104.431,-146.301,-21.118
2.292,0.981,3.046,-80.872,-123.779,-53.650
2.225,0.854,3.002,-59.448,-106.384,-77.942
2.154,0.732,2.947,-37.109,-91.736,-94.543
2.075,0.601,2.856,-12.756,-79.895,-106.262
1.970,0.465,2.729,11.719,-72.632,-116.211
1.823,0.351,2.560,35.583,-69.275,-127.563
1.635,0.248,2.380,57.861,-65.247,-139.648
1.439,0.167,2.187,77.942,-57.007,-152.405
1.248,0.103,1.995,93.933,-44.861,-165.039
1.056,0.041,1.816,105.896,-30.762,-177.124
0.882,-0.016,1.655,115.234,-16.785,-189.087
0.710,-0.052,1.504,124.268,-2.319,-198.853
0.562,-0.069,1.372,133.118,14.099,-205.139
0.432,-0.090,1.252,140.747,28.564,-207.886
0.302,-0.111,1.152,146.362,38.391,-207.581
0.190,-0.125,1.062,150.879,42.358,-204.468
0.090,-0.142,0.999,156.494,41.931,-197.388
0.004,-0.166,0.933,162.842,37.415,-187.134
-0.055,-0.184,0.853,168.213,28.625,-177.002
-0.109,-0.198,0.749,172.119,16.968,-166.443
-0.169,-0.231,0.627,173.340,3.418,-154.663
-0.236,-0.268,0.504,170.471,-11.597,-141.541
-0.296,-0.279,0.386,164.795,-26.367,-127.075
-0.352,-0.310,0.298,159.119,-37.109,-110.046
-0.356,-0.336,0.228,152.588,-42.358,-92.529
-0.358,-0.362,0.178,145.813,-44.983,-76.355
-0.349,-0.392,0.132,139.160,-45.593,-62.622
-0.336,-0.407,0.087,131.836,-46.265,-52.002
-0.348,-0.440,0.072,124.390,-46.753,-44.312
-0.339,-0.447,0.046,117.554,-45.471,-39.307
-0.339,-0.454,0.027,112.305,-44.373,-35.400
-0.345,-0.447,0.012,107.300,-42.786,-31.921
-0.348,-0.437,-0.004,101.563,-41.565,-28.809
-0.375,-0.417,-0.026,94.116,-41.260,-26.062
-0.412,-0.393,-0.035,85.449,-39.368,-22.583
-0.427,-0.376,-0.030,77.087,-36.194,-17.334
-0.447,-0.345,-0.003,68.604,-34.851,-10.376
-0.470,-0.301,0.039,60.181,-35.400,-1.831
-0.477,-0.262,0.087,52.185,-39.001,8.545
-0.493,-0.240,0.133,43.762,-47.302,20.081
-0.511,-0.217,0.188,34.790,-59.692,32.227
-0.539,-0.193,0.244,27.039,-73.853,44.128
-0.570,-0.182,0.300,21.057,-86.792,56.763
-0.587,-0.167,0.348,15.991,-98.633,69.458
-0.620,-0.149,0.382,11.414,-110.107,80.933
-0.643,-0.110,0.425,7.263,-120.605,90.515
-0.664,-0.058,0.460,3.296,-125.977,100.098
-0.694,-0.009,0.484,-1.160,-126.160,110.962
-0.698,0.021,0.499,-7.141,-122.131,123.657
-0.698,0.069,0.514,-16.357,-114.929,138.550
-0.688,0.109,0.581,-29.480,-106.567,155.029
-0.668,0.149,0.684,-43.701,-96.558,172.058
-0.632,0.210,0.794,-54.993,-86.609,190.491
-0.574,0.281,0.911,-62.439,-77.332,208.801
-0.492,0.364,1.065,-65.430,-66.650,225.769
-0.321,0.494,1.237,-60.608,-53.040,241.577
0.004,0.655,1.328,-47.791,-40.649,256.836
0.445,0.846,1.317,-36.011,-35.583,275.452
0.847,0.927,1.385,-38.452,-38.269,292.908
1.250,0.891,1.528,-52.551,-46.265,300.110
1.467,0.752,1.647,-63.721,-60.120,295.227
1.544,0.597,1.724,-61.584,-77.087,278.320
1.523,0.468,1.766,-46.936,-89.539,249.634
1.451,0.426,1.694,-26.367,-94.604,212.097
1.384,0.484,1.531,-6.714,-93.445,172.241
1.293,0.506,1.382,4.089,-80.933,142.883
1.199,0.495,1.297,3.601,-59.204,121.338
1.198,0.493,1.248,-0.488,-31.982,105.225
1.248,0.483,1.240,-0.916,-3.601,98.694
1.295,0.431,1.259,-1.282,13.184,98.083
1.276,0.366,1.250,-3.174,10.864,96.436
1.222,0.334,1.211,-0.854,-1.709,93.750
1.187,0.321,1.170,5.615,-13.428,92.468
0.243,-0.279,1.291,88.562,77.209,-295.349
0.070,-0.329,1.106,96.008,70.251,-294.800
-0.120,-0.377,0.913,99.182,65.979,-291.931
-0.275,-0.379,0.719,98.206,64.331,-287.170
-0.478,-0.350,0.560,93.811,65.002,-278.503
-0.607,-0.365,0.471,84.595,78.430,-263.000
-0.700,-0.388,0.442,74.890,88.196,-247.742
-0.786,-0.397,0.429,66.162,89.294,-232.300
-0.880,-0.361,0.413,59.143,80.505,-217.468
-0.982,-0.344,0.386,53.101,63.477,-200.562
-1.073,-0.307,0.347,48.584,41.443,-181.030
-1.147,-0.275,0.316,46.204,17.029,-158.386
-1.199,-0.238,0.283,45.532,-7.507,-134.399
-1.238,-0.191,0.234,45.715,-32.959,-110.229
-1.289,-0.139,0.193,45.105,-58.105,-85.938
-1.331,-0.101,0.128,43.884,-81.909,-62.561
-1.366,-0.065,0.052,42.053,-102.539,-39.856
-1.389,-0.038,-0.028,38.452,-117.920,-18.066
-1.372,-0.007,-0.129,31.616,-126.587,1.892
-1.351,0.004,-0.231,19.958,-128.845,19.226
-1.370,0.025,-0.291,3.174,-124.817,31.250
-1.397,0.088,-0.308,-15.442,-112.671,40.283
-1.433,0.160,-0.291,-34.485,-96.863,50.842
-1.489,0.237,-0.232,-53.894,-81.970,64.148
-1.525,0.319,-0.141,-70.801,-69.214,78.430
-1.540,0.408,-0.018,-80.566,-60.547,97.717
-1.526,0.528,0.119,-85.449,-60.242,123.840
-1.480,0.693,0.264,-88.501,-71.533,154.663
-1.413,0.801,0.423,-91.675,-93.079,189.453
-1.318,0.917,0.537,-97.778,-122.314,224.548
-1.221,1.019,0.654,-104.248,-156.433,257.996
-1.134,1.090,0.748,-108.093,-189.819,292.908
-0.955,1.139,0.796,-109.009,-213.562,325.684
-0.725,1.173,0.798,-107.544,-228.577,350.830
-0.508,1.211,0.776,-110.046,-237.000,366.211
-0.294,1.304,0.837,-118.774,-232.483,370.605
0.003,1.332,1.084,-129.578,-204.041,368.530
0.367,1.309,1.392,-139.893,-158.997,366.272
0.690,1.240,1.722,-144.592,-118.530,359.497
0.878,1.125,2.022,-137.207,-91.492,343.872
0.979,0.931,2.208,-119.141,-80.505,319.275
0.979,0.805,2.216,-94.788,-89.966,287.842
0.982,0.786,2.244,-70.801,-98.999,258.240
1.055,0.785,2.315,-53.650,-98.267,239.441
1.181,0.719,2.432,-47.852,-82.825,231.628
1.321,0.637,2.561,-42.847,-64.270,226.318
1.469,0.578,2.663,-31.860,-50.232,217.834
1.609,0.508,2.695,-16.602,-39.368,204.102
1.823,0.400,2.765,-1.587,-30.334,187.866
1.690,0.389,2.503,11.963,-22.461,171.692
1.902,0.262,2.435,24.963,30.273,150.330
1.881,0.273,2.302,37.537,58.167,132.935
2.007,0.256,2.266,45.349,91.431,113.892
2.096,0.245,2.212,52.795,122.070,97.595
2.132,0.210,2.109,60.791,138.306,85.022
2.219,0.205,2.002,71.106,146.484,72.754
2.249,0.174,1.851,80.750,145.020,62.622
2.264,0.103,1.690,85.938,138.794,51.758
2.214,-0.014,1.549,88.989,133.301,37.415
2.089,-0.103,1.407,92.102,131.531,20.569
1.947,-0.182,1.299,95.825,136.292,3.174
1.799,-0.257,1.210,99.243,144.165,-13.123
1.644,-0.313,1.135,102.783,152.466,-29.602
1.499,-0.372,1.060,106.079,162.292,-44.678
1.375,-0.417,0.990,109.680,174.500,-57.617
1.278,-0.450,0.916,112.305,187.134,-67.505
1.202,-0.472,0.832,113.403,197.754,-75.073
1.134,-0.486,0.767,113.892,205.261,-80.383
1.075,-0.488,0.707,112.549,210.266,-84.656
1.024,-0.479,0.650,110.413,211.243,-88.318
0.978,-0.469,0.593,107.056,205.811,-90.637
0.932,-0.466,0.546,102.356,197.693,-91.125
0.894,-0.442,0.489,97.351,186.829,-90.576
0.844,-0.418,0.414,94.055,175.354,-91.064
0.786,-0.407,0.347,90.759,167.053,-91.919
0.720,-0.379,0.284,88.196,162.109,-94.055
0.643,-0.336,0.224,86.670,161.804,-96.741
0.580,-0.294,0.152,85.876,164.978,-98.328
0.541,-0.247,0.073,84.656,168.823,-98.633
0.514,-0.189,0.007,81.299,171.509,-98.816
0.481,-0.123,-0.035,76.233,171.387,-98.206
0.430,-0.066,-0.065,70.251,166.443,-96.497
0.373,0.000,-0.102,64.758,157.349,-93.323
0.342,0.061,-0.162,60.669,147.217,-88.867
0.323,0.121,-0.228,55.237,135.315,-83.679
0.286,0.170,-0.283,46.692,122.986,-79.468
0.250,0.209,-0.326,35.034,112.671,-75.500
0.213,0.255,-0.364,23.621,103.027,-70.313
0.156,0.303,-0.392,13.062,96.863,-61.340
0.124,0.338,-0.397,3.723,95.642,-50.049
0.119,0.383,-0.395,-4.333,97.290,-36.865
0.123,0.430,-0.382,-11.475,97.412,-21.667
0.134,0.475,-0.363,-17.822,94.421,-6.592
0.160,0.513,-0.347,-23.743,88.135,8.118
0.198,0.540,-0.351,-29.785,78.491,21.729
0.259,0.549,-0.413,-36.865,66.467,33.447
0.351,0.532,-0.476,-49.316,53.955,38.696
0.408,0.544,-0.493,-71.045,38.940,35.522
0.379,0.546,-0.461,-99.976,20.264,24.902
0.303,0.550,-0.397,-127.197,1.770,11.475
0.207,0.558,-0.347,-144.287,-12.451,2.686
0.111,0.578,-0.300,-152.283,-24.292,1.770
0.035,0.585,-0.275,-156.555,-26.367,6.836
-0.008,0.588,-0.245,-159.424,-20.508,15.320
-0.046,0.593,-0.214,-161.438,-12.512,25.024
-0.041,0.609,-0.180,-163.330,-4.028,35.400
-0.025,0.627,-0.134,-166.504,5.066,45.105
-0.006,0.640,-0.089,-172.119,12.329,53.040
0.010,0.636,-0.035,-181.030,14.038,58.960
0.016,0.625,0.007,-191.284,5.981,63.477
0.001,0.618,0.029,-202.209,-9.766,68.726
0.014,0.592,0.028,-210.632,-23.254,75.073
0.083,0.583,0.018,-214.722,-28.137,82.153
0.171,0.619,0.028,-218.750,-31.372,90.149
0.256,0.671,0.076,-227.173,-39.185,97.595
0.339,0.695,0.179,-239.807,-50.110,104.919
0.470,0.653,0.276,-253.784,-60.791,113.403
0.596,0.579,0.398,-267.517,-77.026,121.338
0.689,0.452,0.569,-280.762,-99.976,125.061
0.126,-0.283,0.386,200.195,-76.599,-133.118
0.061,-0.320,0.249,194.092,-83.252,-131.470
-0.013,-0.363,0.136,186.096,-83.069,-132.385
-0.092,-0.375,0.037,177.124,-75.073,-136.597
-0.181,-0.390,-0.026,168.945,-60.486,-142.761
-0.260,-0.384,-0.073,162.109,-43.030,-149.292
-0.338,-0.371,-0.088,156.555,-25.513,-153.992
-0.413,-0.352,-0.133,151.917,-12.207,-156.311
-0.515,-0.323,-0.157,145.020,-4.211,-155.518
-0.611,-0.305,-0.175,138.489,3.296,-151.550
-0.711,-0.286,-0.178,133.423,8.423,-145.203
-0.787,-0.262,-0.192,128.418,8.972,-137.756
-0.868,-0.237,-0.207,123.352,5.310,-129.578
-0.952,-0.206,-0.216,117.737,-0.854,-119.141
-1.004,-0.161,-0.238,111.023,-5.432,-104.370
-1.027,-0.121,-0.256,102.661,-7.263,-85.876
-1.036,-0.082,-0.283,92.285,-8.789,-63.965
-1.018,-0.032,-0.316,78.247,-10.620,-41.138
-0.983,0.001,-0.347,57.129,-10.742,-19.592
-0.963,0.051,-0.326,28.259,-7.996,-1.343
-0.978,0.121,-0.208,-4.456,-3.967,14.343
-0.999,0.247,-0.036,-37.354,-1.831,29.114
-1.027,0.338,0.179,-64.819,-3.235,45.776
-1.075,0.442,0.402,-83.374,-8.423,64.575
-1.106,0.550,0.606,-92.957,-17.212,86.670
-1.134,0.667,0.751,-96.436,-30.151,111.755
-1.148,0.763,0.840,-95.764,-44.861,139.954
-1.118,0.836,0.872,-92.346,-60.486,170.288
-1.046,0.881,0.856,-86.548,-71.228,200.806
-0.962,0.937,0.830,-81.604,-74.890,229.858
-0.851,0.992,0.839,-80.688,-70.862,255.798
-0.725,1.028,0.874,-83.740,-62.073,279.358
-0.579,1.065,0.911,-88.745,-52.307,301.331
-0.411,1.131,0.977,-92.163,-40.039,321.472
-0.219,1.158,1.089,-91.858,-23.682,340.637
0.011,1.161,1.200,-88.745,-8.240,359.070
0.270,1.154,1.306,-83.679,-0.122,375.427
0.523,1.125,1.443,-75.745,-2.747,388.000
0.831,1.082,1.635,-64.026,-10.071,396.362
1.269,1.006,1.795,-51.819,-19.897,405.212
1.809,0.907,1.834,-40.588,-35.400,410.461
2.258,0.723,1.830,-30.823,-50.781,404.236
2.575,0.449,1.804,-24.231,-54.260,376.343
2.701,0.159,1.829,-12.573,-44.617,324.219
2.634,0.005,1.779,10.376,-33.142,260.010
2.547,-0.062,1.635,39.917,-9.949,203.308
2.535,-0.123,1.460,67.017,26.184,161.377
2.655,-0.184,1.323,82.214,74.707,137.085
2.847,-0.253,1.277,88.501,124.817,123.535
2.880,-0.230,1.053,93.079,161.621,111.389
3.258,-0.471,1.168,98.145,212.341,96.619
3.243,-0.461,1.107,103.699,195.801,76.660
3.163,-0.487,1.004,104.919,161.438,52.612
3.019,-0.473,0.896,109.314,124.512,29.114
2.745,-0.397,0.658,110.046,82.642,16.968
2.560,-0.429,0.542,105.896,63.477,13.306
2.445,-0.421,0.452,100.037,55.237,11.963
2.287,-0.397,0.300,93.506,60.791,9.094
2.182,-0.495,0.356,86.548,81.299,3.357
2.033,-0.463,0.343,77.698,82.214,-10.620
1.795,-0.449,0.347,71.838,89.172,-30.090
1.599,-0.452,0.351,71.045,103.088,-47.546
1.420,-0.447,0.344,72.693,113.464,-63.110
1.263,-0.437,0.300,73.792,119.568,-76.416
1.126,-0.442,0.236,74.280,127.075,-86.548
1.045,-0.449,0.172,73.975,136.536,-93.628
0.995,-0.443,0.121,72.021,145.996,-98.145
0.977,-0.455,0.087,68.237,154.968,-100.342
0.955,-0.467,0.058,63.477,159.485,-102.112
0.912,-0.459,0.026,59.265,157.471,-105.408
0.858,-0.450,-0.016,54.626,151.062,-109.375
0.779,-0.433,-0.059,50.232,142.090,-111.938
0.716,-0.412,-0.111,45.410,133.606,-114.197
0.638,-0.378,-0.159,40.283,127.380,-114.563
0.616,-0.354,-0.179,35.095,121.826,-113.403
0.541,-0.301,-0.242,28.687,115.662,-110.657
0.528,-0.270,-0.248,21.790,113.586,-107.727
0.465,-0.228,-0.264,14.648,101.135,-102.539
0.411,-0.178,-0.285,6.287,86.914,-96.008
0.376,-0.141,-0.290,-2.075,75.500,-89.111
0.350,-0.100,-0.303,-10.193,65.125,-81.299
0.325,-0.062,-0.323,-17.822,56.519,-71.899
0.300,-0.031,-0.342,-25.391,50.720,-61.768
0.278,-0.004,-0.357,-34.302,47.791,-52.856
0.252,0.025,-0.360,-44.678,46.326,-45.166
0.232,0.055,-0.354,-53.955,46.631,-37.842
0.227,0.086,-0.348,-61.218,48.523,-30.029
0.231,0.118,-0.346,-66.772,50.537,-22.095
0.239,0.158,-0.346,-71.045,52.673,-14.465
0.249,0.191,-0.336,-75.623,54.260,-8.179
0.248,0.215,-0.326,-81.848,53.589,-3.540
0.236,0.228,-0.307,-87.036,51.514,1.221
0.227,0.241,-0.297,-89.905,49.255,5.798
0.221,0.245,-0.302,-91.919,46.204,10.376
0.204,0.249,-0.315,-95.947,41.199,13.977
0.180,0.258,-0.311,-101.746,36.255,16.907
0.171,0.273,-0.290,-106.628,33.508,20.874
0.169,0.286,-0.257,-109.863,31.982,26.672
0.162,0.302,-0.220,-112.610,30.396,32.715
0.164,0.329,-0.187,-115.967,28.381,38.269
0.165,0.360,-0.161,-119.995,26.123,44.128
0.190,0.385,-0.155,-124.756,25.452,51.147
0.222,0.403,-0.137,-130.371,26.611,59.204
0.257,0.424,-0.096,-136.780,28.931,66.895
0.297,0.445,-0.036,-141.907,32.104,75.806
0.358,0.450,0.036,-143.921,33.020,86.853
0.423,0.445,0.100,-143.982,29.419,98.328
0.480,0.430,0.147,-143.860,19.775,108.643
0.524,0.417,0.198,-143.738,3.296,116.577
0.573,0.389,0.237,-144.104,-15.381,123.169
0.633,0.354,0.243,-144.897,-34.424,129.822
0.689,0.321,0.239,-145.325,-52.551,134.949
0.769,0.267,0.248,-145.813,-65.308,137.390
0.874,0.206,0.252,-147.095,-69.946,137.207
0.962,0.160,0.270,-149.841,-71.594,134.094
1.018,0.130,0.330,-156.250,-72.876,127.441
1.035,0.111,0.432,-167.969,-75.623,118.164
1.016,0.149,0.566,-181.152,-78.918,109.741
1.033,0.193,0.721,-188.782,-79.590,104.187
0.635,-0.494,0.697,95.764,-19.775,-78.857
0.571,-0.497,0.668,96.558,-17.334,-86.548
0.503,-0.493,0.644,96.558,-15.015,-94.543
0.427,-0.488,0.627,96.558,-14.465,-101.074
0.347,-0.469,0.596,96.802,-17.334,-105.530
0.274,-0.481,0.545,96.863,-22.766,-107.483
0.195,-0.469,0.502,97.656,-28.809,-108.276
0.128,-0.452,0.454,97.534,-35.156,-107.910
0.062,-0.457,0.410,95.764,-40.100,-105.347
-0.012,-0.452,0.360,92.407,-43.457,-102.783
-0.081,-0.446,0.337,89.355,-45.044,-100.220
-0.169,-0.446,0.308,86.426,-46.570,-97.412
-0.246,-0.439,0.292,83.496,-47.791,-94.421
-0.339,-0.421,0.272,81.238,-51.025,-90.271
-0.441,-0.375,0.254,79.895,-55.237,-84.961
-0.542,-0.315,0.228,77.271,-60.364,-79.773
-0.653,-0.245,0.208,72.327,-63.232,-71.899
-0.751,-0.172,0.215,65.918,-63.538,-59.998
-0.825,-0.115,0.209,58.960,-61.401,-45.105
-0.908,-0.060,0.219,48.889,-59.692,-28.992
-1.003,-0.013,0.216,36.865,-54.199,-12.512
-1.142,0.026,0.215,24.597,-43.579,4.150
-1.324,0.104,0.236,12.329,-26.917,22.461
-1.505,0.209,0.277,1.953,-1.587,44.495
-1.688,0.327,0.380,-7.812,27.893,70.740
-1.828,0.452,0.550,-16.541,57.617,101.074
-1.841,0.565,0.749,-20.081,78.796,138.367
-1.762,0.685,0.909,-16.113,79.895,183.105
-1.628,0.827,1.005,-3.906,58.960,231.812
-1.429,0.957,0.998,13.672,23.437,281.860
-1.200,1.046,0.880,31.494,-17.700,330.688
-0.940,1.122,0.694,45.776,-53.711,374.268
-0.668,1.184,0.455,52.185,-76.355,409.607
-0.422,1.237,0.235,45.410,-83.313,434.326
-0.174,1.343,0.125,27.222,-68.848,447.693
0.159,1.455,0.100,6.653,-30.029,452.393
0.602,1.571,0.160,-11.230,23.254,453.735
1.103,1.684,0.230,-24.597,75.562,453.552
1.679,1.743,0.313,-35.522,113.770,448.914
2.057,1.537,0.571,-49.011,146.362,438.538
2.451,1.408,0.791,-46.082,160.339,409.485
2.924,1.291,0.957,-24.170,156.616,367.920
3.196,1.152,0.953,8.972,130.676,322.205
3.365,1.127,0.851,42.358,87.646,269.836
3.459,1.079,0.716,64.941,49.683,219.604
3.481,0.972,0.603,73.242,27.832,176.208
3.442,0.851,0.542,75.684,20.447,136.169
3.395,0.745,0.500,78.003,25.818,100.159
3.348,0.663,0.469,80.750,35.828,67.871
3.258,0.567,0.456,82.275,44.739,39.978
3.124,0.463,0.469,82.520,48.584,15.564
2.974,0.400,0.475,83.740,48.096,-6.897
2.816,0.362,0.447,88.135,46.814,-26.245
2.719,0.337,0.379,92.957,47.791,-42.053
2.588,0.309,0.313,94.543,50.476,-54.626
2.464,0.260,0.275,91.675,57.373,-64.575
2.339,0.200,0.249,87.097,64.758,-74.646
2.195,0.139,0.221,81.665,75.806,-85.510
2.058,0.062,0.216,76.843,88.501,-97.839
1.912,0.004,0.202,71.472,99.854,-110.596
1.741,-0.052,0.196,66.589,108.948,-123.718
1.575,-0.096,0.192,60.852,114.746,-134.888
1.422,-0.145,0.187,55.420,117.737,-143.005
1.310,-0.172,0.173,52.856,119.080,-148.743
1.226,-0.198,0.159,51.331,118.286,-151.123
1.152,-0.227,0.139,47.913,115.601,-150.146
1.090,-0.259,0.121,43.884,111.084,-147.461
1.046,-0.273,0.100,40.283,106.934,-144.348
1.006,-0.285,0.079,37.720,103.333,-141.846
0.966,-0.299,0.050,35.400,99.670,-139.648
0.915,-0.317,0.024,32.104,95.459,-137.573
0.863,-0.330,-0.002,27.649,91.309,-135.498
0.822,-0.322,-0.033,22.400,87.463,-133.911
0.798,-0.300,-0.064,17.883,84.534,-132.874
0.775,-0.284,-0.076,13.672,84.229,-131.226
0.761,-0.284,-0.057,9.888,83.191,-129.395
0.728,-0.258,-0.065,5.920,78.491,-128.662
0.670,-0.247,-0.069,3.235,72.998,-127.197
0.620,-0.217,-0.085,1.770,64.148,-124.939
0.570,-0.179,-0.114,0.732,54.749,-120.361
0.510,-0.171,-0.159,0.061,45.166,-113.525
0.454,-0.161,-0.195,-1.770,37.170,-105.774
0.406,-0.145,-0.220,-5.188,32.166,-98.389
0.356,-0.123,-0.237,-8.301,29.968,-89.905
0.318,-0.103,-0.256,-10.803,28.870,-80.322
0.292,-0.073,-0.287,-13.184,29.663,-68.848
0.290,-0.048,-0.317,-15.991,31.860,-56.213
0.290,-0.033,-0.336,-21.667,31.372,-44.678
0.292,-0.019,-0.343,-30.518,28.870,-35.461
0.291,-0.007,-0.337,-40.649,26.001,-29.541
0.267,0.006,-0.319,-49.500,22.766,-26.489
0.232,0.026,-0.295,-55.908,22.522,-24.536
0.190,0.060,-0.268,-59.021,25.757,-23.621
0.151,0.100,-0.245,-59.570,31.799,-22.278
0.120,0.131,-0.229,-58.044,37.842,-19.836
0.096,0.166,-0.232,-56.091,41.138,-15.564
0.069,0.193,-0.244,-53.772,42.114,-9.521
0.057,0.213,-0.252,-51.453,42.297,-1.953
0.051,0.232,-0.270,-50.049,40.283,7.690
0.045,0.244,-0.286,-49.805,35.522,17.883
0.043,0.249,-0.295,-50.781,29.907,27.649
0.028,0.234,-0.316,-53.467,24.475,37.048
0.013,0.240,-0.323,-57.007,19.165,44.861
-0.007,0.256,-0.318,-61.951,16.357,51.575
-0.021,0.278,-0.293,-67.627,16.113,57.861
-0.026,0.296,-0.265,-72.266,16.785,64.392
-0.015,0.301,-0.246,-76.111,19.836,71.472
-0.002,0.301,-0.226,-79.834,23.621,79.041
0.017,0.316,-0.211,-82.886,26.062,87.219
0.054,0.353,-0.199,-84.229,27.039,97.107
0.120,0.372,-0.183,-83.862,26.489,108.887
0.215,0.369,-0.203,-83.618,22.827,120.422
0.296,0.431,-0.188,-83.069,12.512,130.737
0.394,0.452,-0.193,-84.045,-2.502,141.663
0.479,0.448,-0.212,-88.928,-20.874,154.053
0.562,0.422,-0.224,-96.802,-40.710,164.368
0.656,0.387,-0.242,-106.934,-56.946,171.021
0.748,0.404,-0.243,-117.126,-70.251,174.072
0.836,0.451,-0.186,-123.718,-78.796,174.133
-0.041,-0.472,0.331,106.262,-33.508,-152.649
-0.157,-0.473,0.301,98.328,-40.771,-145.630
-0.257,-0.456,0.271,92.468,-49.500,-136.353
-0.340,-0.455,0.231,86.914,-56.152,-125.244
-0.402,-0.445,0.203,81.848,-59.021,-113.342
-0.447,-0.428,0.187,77.820,-59.265,-101.013
-0.461,-0.404,0.196,74.036,-60.669,-88.867
-0.509,-0.378,0.224,70.740,-65.857,-76.233
-0.572,-0.330,0.268,69.397,-76.904,-64.270
-0.620,-0.272,0.325,69.946,-90.393,-53.650
-0.674,-0.226,0.363,71.716,-110.168,-43.884
-0.724,-0.162,0.369,74.097,-132.751,-34.302
-0.764,-0.099,0.365,76.782,-153.015,-23.560
-0.795,-0.002,0.365,78.430,-173.340,-12.756
-0.821,0.092,0.364,75.684,-199.036,-1.526
-0.864,0.157,0.326,66.040,-226.746,10.986
-0.915,0.205,0.259,52.307,-250.671,23.987
-0.974,0.260,0.178,35.950,-264.282,37.354
-1.046,0.317,0.099,16.785,-261.169,50.476
-1.125,0.362,0.042,-5.005,-236.328,64.087
-1.178,0.410,0.038,-26.672,-191.833,77.576
-1.202,0.490,0.115,-45.593,-134.766,91.980
-1.207,0.583,0.250,-59.387,-73.059,108.093
-1.160,0.651,0.413,-65.430,-16.296,125.732
-1.076,0.708,0.546,-63.538,24.902,144.897
-0.988,0.754,0.636,-56.030,45.105,164.490
-0.890,0.770,0.668,-46.753,42.847,183.105
-0.807,0.775,0.635,-36.926,24.536,199.951
-0.750,0.785,0.556,-30.029,-2.686,214.661
-0.721,0.853,0.470,-29.602,-31.189,229.187
-0.698,0.911,0.427,-35.828,-53.772,244.019
-0.603,0.953,0.435,-48.523,-69.153,262.573
-0.471,1.021,0.462,-65.735,-78.857,287.231
-0.289,1.097,0.560,-83.618,-79.895,315.735
-0.068,1.145,0.769,-100.098,-71.167,342.102
0.201,1.149,0.991,-112.183,-59.387,362.366
0.484,1.097,1.182,-117.310,-52.185,372.437
0.814,1.084,1.343,-112.854,-47.546,369.507
1.152,1.030,1.518,-104.980,-43.152,356.506
1.428,0.953,1.679,-96.313,-36.987,337.646
1.624,0.859,1.805,-83.984,-29.236,312.927
1.768,0.769,1.907,-66.162,-18.066,283.813
1.901,0.705,1.947,-46.936,-3.662,254.639
2.017,0.619,1.954,-29.724,9.521,226.990
2.119,0.532,1.940,-16.724,19.714,202.576
2.233,0.488,1.958,-5.310,24.719,179.932
2.361,0.454,1.974,4.639,28.992,161.377
2.460,0.394,1.975,13.000,33.020,145.813
2.527,0.337,1.958,20.874,33.997,129.272
2.515,0.274,1.899,29.907,32.349,112.427
2.489,0.237,1.823,39.307,28.931,95.154
2.641,0.196,1.827,47.913,24.597,78.308
2.309,0.209,1.530,53.772,27.954,64.087
2.377,0.078,1.517,58.716,60.669,45.715
2.254,0.111,1.421,64.697,56.335,30.518
2.130,0.064,1.345,65.674,65.369,13.062
2.006,0.027,1.284,67.749,78.735,-3.723
1.859,0.009,1.209,70.129,84.106,-15.747
1.729,-0.011,1.118,71.716,94.299,-24.597
1.654,-0.030,1.065,71.533,108.032,-31.311
1.585,-0.070,1.035,70.435,114.685,-38.208
1.499,-0.104,0.990,70.313,115.051,-47.363
1.396,-0.135,0.932,71.594,113.708,-57.617
1.282,-0.179,0.854,73.303,113.403,-67.627
1.171,-0.210,0.783,75.378,117.126,-77.637
1.083,-0.227,0.725,76.416,125.061,-85.938
1.012,-0.240,0.674,76.172,134.521,-92.163
0.960,-0.249,0.628,75.806,144.531,-96.497
0.927,-0.253,0.588,75.256,153.015,-99.304
0.903,-0.257,0.539,74.036,158.264,-100.891
0.877,-0.266,0.484,70.679,159.058,-101.196
0.849,-0.275,0.446,65.063,156.799,-100.830
0.827,-0.279,0.417,58.411,152.588,-99.548
0.823,-0.277,0.400,53.040,147.522,-97.839
0.819,-0.293,0.380,50.110,140.320,-96.985
0.818,-0.306,0.334,47.607,130.798,-98.450
0.803,-0.301,0.281,45.044,120.361,-101.013
0.786,-0.286,0.234,42.175,112.488,-103.943
0.762,-0.264,0.182,38.757,108.337,-107.239
0.714,-0.245,0.133,34.119,106.323,-110.413
0.647,-0.229,0.092,29.053,106.750,-112.488
0.584,-0.225,0.053,24.658,108.643,-113.464
0.538,-0.209,0.019,20.142,111.450,-114.258
0.482,-0.178,-0.017,15.381,112.671,-112.854
0.428,-0.143,-0.066,9.766,115.356,-107.483
0.404,-0.125,-0.092,3.967,119.507,-98.145
0.392,-0.093,-0.115,-3.540,119.812,-86.609
0.384,-0.083,-0.135,-14.038,114.319,-75.012
0.381,-0.082,-0.138,-26.672,102.783,-65.125
0.359,-0.067,-0.133,-39.124,87.341,-57.739
0.321,-0.034,-0.126,-48.950,71.838,-51.147
0.287,-0.010,-0.118,-55.359,58.838,-44.312
0.260,0.018,-0.110,-58.105,49.438,-36.865
0.246,0.048,-0.112,-58.960,43.762,-29.114
0.242,0.069,-0.118,-59.570,39.673,-20.874
0.252,0.093,-0.132,-59.937,35.156,-13.184
0.258,0.103,-0.160,-61.707,30.151,-6.104
0.271,0.108,-0.191,-65.979,25.879,0.244
0.272,0.109,-0.214,-72.083,22.278,5.249
0.259,0.104,-0.226,-78.918,20.203,8.789
0.254,0.095,-0.223,-84.595,20.630,11.719
0.249,0.089,-0.210,-88.135,21.606,15.137
0.238,0.087,-0.205,-90.149,20.996,18.311
0.223,0.104,-0.196,-92.163,18.921,21.240
0.210,0.126,-0.192,-95.154,15.076,24.963
0.193,0.138,-0.183,-99.915,9.094,30.701
0.173,0.168,-0.158,-107.239,2.075,36.682
0.155,0.224,-0.115,-115.417,-3.601,42.114
0.144,0.286,-0.053,-122.498,-6.042,48.279
0.161,0.345,0.003,-129.272,-6.042,56.030
0.204,0.416,0.056,-134.888,-3.357,65.063
0.267,0.484,0.117,-138.855,0.854,74.341
0.343,0.568,0.236,-140.686,4.944,83.069
0.442,0.597,0.325,-143.127,6.653,91.248
0.520,0.579,0.389,-144.836,3.845,98.328
0.612,0.546,0.448,-142.700,-1.831,101.440
0.696,0.512,0.479,-136.780,-7.996,102.478
0.765,0.524,0.489,-131.348,-17.639,100.708
0.812,0.553,0.486,-127.930,-29.297,97.412
-0.167,-0.603,0.174,92.712,18.616,-107.910
-0.233,-0.579,0.176,78.430,27.649,-103.455
-0.266,-0.577,0.203,65.430,33.508,-96.252
-0.322,-0.558,0.242,54.688,33.508,-86.426
-0.331,-0.532,0.293,46.143,28.931,-75.439
-0.382,-0.488,0.366,40.344,16.785,-61.401
-0.420,-0.451,0.415,37.842,-1.587,-46.387
-0.452,-0.412,0.463,38.513,-21.851,-33.081
-0.477,-0.380,0.494,41.321,-42.969,-21.240
-0.503,-0.356,0.509,45.715,-60.486,-10.864
-0.520,-0.333,0.503,52.124,-74.585,-2.869
-0.522,-0.296,0.470,58.594,-85.266,4.150
-0.544,-0.256,0.419,63.110,-91.492,8.484
-0.556,-0.195,0.379,64.026,-91.614,9.216
-0.598,-0.136,0.335,59.387,-84.656,8.362
-0.641,-0.076,0.334,51.941,-70.251,7.080
-0.707,0.006,0.381,43.823,-51.147,7.324
-0.753,0.113,0.494,38.635,-30.151,12.207
-0.773,0.211,0.592,37.720,-11.597,21.179
-0.810,0.296,0.664,40.039,-0.488,34.058
-0.806,0.389,0.706,42.664,3.479,47.974
-0.812,0.478,0.733,42.542,-0.122,63.416
-0.823,0.563,0.734,38.818,-7.080,80.505
-0.847,0.654,0.731,32.959,-14.404,100.464
-0.859,0.723,0.758,25.940,-21.362,124.512
-0.840,0.787,0.786,20.264,-30.884,153.381
-0.779,0.867,0.787,16.113,-44.128,183.960
-0.693,0.929,0.793,13.000,-57.800,213.257
-0.604,0.982,0.816,11.841,-70.251,238.281
-0.519,1.073,0.882,11.230,-85.266,259.644
-0.404,1.164,0.937,12.207,-101.379,280.090
-0.267,1.263,0.961,14.282,-117.676,300.903
-0.103,1.342,0.998,13.855,-129.150,322.266
0.123,1.341,1.032,11.108,-129.944,342.163
0.375,1.297,1.056,8.179,-121.704,358.093
0.580,1.262,1.074,5.005,-109.985,366.760
0.774,1.212,1.117,3.357,-96.130,367.676
0.963,1.196,1.198,2.930,-80.688,365.540
1.204,1.176,1.322,4.333,-65.369,361.389
1.556,1.134,1.396,7.324,-48.828,355.957
1.891,1.051,1.474,14.099,-32.104,350.647
2.236,1.003,1.532,23.804,-15.991,339.600
2.569,0.915,1.594,32.837,0.000,322.998
2.854,0.751,1.592,41.931,14.465,302.307
3.006,0.580,1.514,53.894,24.963,273.682
3.044,0.434,1.394,67.261,31.433,235.596
2.997,0.327,1.227,79.712,39.856,194.458
2.948,0.245,1.059,90.942,56.702,158.508
2.927,0.185,0.940,100.525,79.346,128.418
2.937,0.159,0.859,106.873,100.159,105.774
2.932,0.120,0.787,108.398,107.666,90.027
2.898,0.079,0.694,104.553,98.633,77.393
2.848,0.041,0.631,98.206,78.552,65.857
2.743,0.051,0.561,89.783,52.490,55.969
2.643,0.019,0.551,79.773,40.344,47.485
2.531,-0.022,0.538,71.594,35.645,39.368
2.405,-0.088,0.548,65.918,40.222,28.870
2.268,-0.143,0.557,63.721,49.988,12.390
2.117,-0.159,0.542,63.538,60.242,-9.094
1.928,-0.169,0.541,62.256,70.740,-33.264
1.736,-0.198,0.539,60.364,84.167,-56.030
1.557,-0.222,0.546,60.486,100.220,-74.951
1.418,-0.238,0.553,61.707,117.310,-88.989
1.297,-0.248,0.546,62.744,132.446,-98.145
1.217,-0.278,0.544,62.073,146.851,-103.699
1.167,-0.289,0.512,59.326,159.790,-106.995
1.156,-0.320,0.502,55.847,173.828,-106.873
1.162,-0.341,0.470,51.514,182.007,-103.821
1.144,-0.377,0.463,45.593,182.617,-98.938
1.152,-0.396,0.454,40.161,174.316,-94.910
1.152,-0.403,0.439,35.950,160.156,-92.224
1.152,-0.403,0.400,32.776,143.738,-92.041
1.102,-0.403,0.347,30.212,126.465,-95.032
1.041,-0.392,0.281,28.015,112.610,-99.487
0.986,-0.374,0.223,26.733,105.408,-104.797
0.923,-0.372,0.191,25.879,104.187,-109.436
0.856,-0.347,0.172,23.926,105.469,-112.976
0.762,-0.316,0.126,21.118,107.056,-116.089
0.694,-0.292,0.091,19.043,106.323,-118.774
0.606,-0.244,0.024,16.174,104.309,-120.239
0.526,-0.216,-0.036,12.695,107.361,-117.065
0.474,-0.177,-0.087,8.362,111.206,-112.366
0.425,-0.157,-0.137,2.502,112.427,-105.225
0.383,-0.136,-0.166,-4.272,111.389,-97.229
0.350,-0.111,-0.195,-11.963,107.300,-89.417
0.322,-0.097,-0.233,-19.714,100.525,-81.360
0.297,-0.067,-0.265,-26.306,91.187,-72.876
0.293,-0.021,-0.274,-31.189,80.627,-65.796
0.297,0.024,-0.267,-36.621,70.984,-60.303
0.298,0.058,-0.274,-42.419,61.890,-57.129
0.269,0.104,-0.297,-48.035,54.077,-55.237
0.232,0.148,-0.307,-53.467,52.551,-52.490
0.195,0.182,-0.319,-57.922,57.739,-47.974
0.169,0.247,-0.301,-61.707,67.322,-41.992
0.162,0.305,-0.296,-66.650,77.881,-34.424
0.161,0.342,-0.288,-72.449,88.135,-24.170
0.176,0.369,-0.261,-78.613,96.436,-13.123
0.191,0.387,-0.224,-84.534,101.257,-3.784
0.197,0.404,-0.183,-88.379,101.624,4.395
0.193,0.415,-0.134,-90.210,95.947,11.230
0.173,0.408,-0.094,-91.187,84.839,17.090
0.166,0.406,-0.077,-90.210,71.655,22.766
0.173,0.423,-0.080,-86.365,57.617,28.564
0.172,0.434,-0.085,-82.703,43.701,35.950
0.171,0.431,-0.094,-81.543,33.325,44.556
0.174,0.431,-0.106,-81.421,26.794,53.650
0.179,0.432,-0.116,-80.200,23.437,62.561
0.193,0.429,-0.128,-78.430,24.780,71.350
0.213,0.415,-0.136,-76.782,30.640,80.017
0.240,0.400,-0.133,-74.524,38.452,87.769
0.286,0.387,-0.138,-71.777,45.471,94.727
0.338,0.376,-0.150,-69.580,48.401,100.891
0.379,0.375,-0.157,-69.275,44.983,105.103
0.390,0.365,-0.167,-72.449,36.865,108.459
0.396,0.357,-0.170,-77.881,23.865,111.938
0.372,0.372,-0.168,-83.923,8.789,116.943
0.408,0.395,-0.153,-88.989,-4.272,123.291
0.423,0.386,-0.154,-93.811,-16.541,132.874
0.460,0.391,-0.144,-99.304,-25.024,142.700
